Watching for file changes with StatReloader
Watching for file changes with StatReloader
Not Found: /api/v1/jobs/
Internal Server Error: /dashboard/
Traceback (most recent call last):
  File "E:\speechdub\env\lib\site-packages\django\db\backends\utils.py", line 105, in _execute
    return self.cursor.execute(sql, params)
  File "E:\speechdub\env\lib\site-packages\django\db\backends\sqlite3\base.py", line 360, in execute
    return super().execute(query, params)
sqlite3.OperationalError: no such table: web_audiojob

The above exception was the direct cause of the following exception:

Traceback (most recent call last):
  File "E:\speechdub\env\lib\site-packages\django\core\handlers\exception.py", line 55, in inner
    response = get_response(request)
  File "E:\speechdub\env\lib\site-packages\django\core\handlers\base.py", line 197, in _get_response
    response = wrapped_callback(request, *callback_args, **callback_kwargs)
  File "E:\speechdub\env\lib\site-packages\django\contrib\auth\decorators.py", line 59, in _view_wrapper
    return view_func(request, *args, **kwargs)
  File "E:\speechdub\web\views.py", line 59, in dashboard
    'total': jobs.count(),
  File "E:\speechdub\env\lib\site-packages\django\db\models\query.py", line 606, in count
    return self.query.get_count(using=self.db)
  File "E:\speechdub\env\lib\site-packages\django\db\models\sql\query.py", line 646, in get_count
    return obj.get_aggregation(using, {"__count": Count("*")})["__count"]
  File "E:\speechdub\env\lib\site-packages\django\db\models\sql\query.py", line 628, in get_aggregation
    result = compiler.execute_sql(SINGLE)
  File "E:\speechdub\env\lib\site-packages\django\db\models\sql\compiler.py", line 1623, in execute_sql
    cursor.execute(sql, params)
  File "E:\speechdub\env\lib\site-packages\django\db\backends\utils.py", line 122, in execute
    return super().execute(sql, params)
  File "E:\speechdub\env\lib\site-packages\django\db\backends\utils.py", line 79, in execute
    return self._execute_with_wrappers(
  File "E:\speechdub\env\lib\site-packages\django\db\backends\utils.py", line 92, in _execute_with_wrappers
    return executor(sql, params, many, context)
  File "E:\speechdub\env\lib\site-packages\django\db\backends\utils.py", line 100, in _execute
    with self.db.wrap_database_errors:
  File "E:\speechdub\env\lib\site-packages\django\db\utils.py", line 91, in __exit__
    raise dj_exc_value.with_traceback(traceback) from exc_value
  File "E:\speechdub\env\lib\site-packages\django\db\backends\utils.py", line 105, in _execute
    return self.cursor.execute(sql, params)
  File "E:\speechdub\env\lib\site-packages\django\db\backends\sqlite3\base.py", line 360, in execute
    return super().execute(query, params)
django.db.utils.OperationalError: no such table: web_audiojob
Watching for file changes with StatReloader
Watching for file changes with StatReloader
Internal Server Error: /dashboard/
Traceback (most recent call last):
  File "E:\speechdub\env\lib\site-packages\django\db\backends\utils.py", line 105, in _execute
    return self.cursor.execute(sql, params)
  File "E:\speechdub\env\lib\site-packages\django\db\backends\sqlite3\base.py", line 360, in execute
    return super().execute(query, params)
sqlite3.OperationalError: no such table: web_audiojob

The above exception was the direct cause of the following exception:

Traceback (most recent call last):
  File "E:\speechdub\env\lib\site-packages\django\core\handlers\exception.py", line 55, in inner
    response = get_response(request)
  File "E:\speechdub\env\lib\site-packages\django\core\handlers\base.py", line 197, in _get_response
    response = wrapped_callback(request, *callback_args, **callback_kwargs)
  File "E:\speechdub\env\lib\site-packages\django\contrib\auth\decorators.py", line 59, in _view_wrapper
    return view_func(request, *args, **kwargs)
  File "E:\speechdub\web\views.py", line 59, in dashboard
    'total': jobs.count(),
  File "E:\speechdub\env\lib\site-packages\django\db\models\query.py", line 606, in count
    return self.query.get_count(using=self.db)
  File "E:\speechdub\env\lib\site-packages\django\db\models\sql\query.py", line 646, in get_count
    return obj.get_aggregation(using, {"__count": Count("*")})["__count"]
  File "E:\speechdub\env\lib\site-packages\django\db\models\sql\query.py", line 628, in get_aggregation
    result = compiler.execute_sql(SINGLE)
  File "E:\speechdub\env\lib\site-packages\django\db\models\sql\compiler.py", line 1623, in execute_sql
    cursor.execute(sql, params)
  File "E:\speechdub\env\lib\site-packages\django\db\backends\utils.py", line 122, in execute
    return super().execute(sql, params)
  File "E:\speechdub\env\lib\site-packages\django\db\backends\utils.py", line 79, in execute
    return self._execute_with_wrappers(
  File "E:\speechdub\env\lib\site-packages\django\db\backends\utils.py", line 92, in _execute_with_wrappers
    return executor(sql, params, many, context)
  File "E:\speechdub\env\lib\site-packages\django\db\backends\utils.py", line 100, in _execute
    with self.db.wrap_database_errors:
  File "E:\speechdub\env\lib\site-packages\django\db\utils.py", line 91, in __exit__
    raise dj_exc_value.with_traceback(traceback) from exc_value
  File "E:\speechdub\env\lib\site-packages\django\db\backends\utils.py", line 105, in _execute
    return self.cursor.execute(sql, params)
  File "E:\speechdub\env\lib\site-packages\django\db\backends\sqlite3\base.py", line 360, in execute
    return super().execute(query, params)
django.db.utils.OperationalError: no such table: web_audiojob
Internal Server Error: /dashboard/
Traceback (most recent call last):
  File "E:\speechdub\env\lib\site-packages\django\db\backends\utils.py", line 105, in _execute
    return self.cursor.execute(sql, params)
  File "E:\speechdub\env\lib\site-packages\django\db\backends\sqlite3\base.py", line 360, in execute
    return super().execute(query, params)
sqlite3.OperationalError: no such table: web_audiojob

The above exception was the direct cause of the following exception:

Traceback (most recent call last):
  File "E:\speechdub\env\lib\site-packages\django\core\handlers\exception.py", line 55, in inner
    response = get_response(request)
  File "E:\speechdub\env\lib\site-packages\django\core\handlers\base.py", line 197, in _get_response
    response = wrapped_callback(request, *callback_args, **callback_kwargs)
  File "E:\speechdub\env\lib\site-packages\django\contrib\auth\decorators.py", line 59, in _view_wrapper
    return view_func(request, *args, **kwargs)
  File "E:\speechdub\web\views.py", line 59, in dashboard
    'total': jobs.count(),
  File "E:\speechdub\env\lib\site-packages\django\db\models\query.py", line 606, in count
    return self.query.get_count(using=self.db)
  File "E:\speechdub\env\lib\site-packages\django\db\models\sql\query.py", line 646, in get_count
    return obj.get_aggregation(using, {"__count": Count("*")})["__count"]
  File "E:\speechdub\env\lib\site-packages\django\db\models\sql\query.py", line 628, in get_aggregation
    result = compiler.execute_sql(SINGLE)
  File "E:\speechdub\env\lib\site-packages\django\db\models\sql\compiler.py", line 1623, in execute_sql
    cursor.execute(sql, params)
  File "E:\speechdub\env\lib\site-packages\django\db\backends\utils.py", line 122, in execute
    return super().execute(sql, params)
  File "E:\speechdub\env\lib\site-packages\django\db\backends\utils.py", line 79, in execute
    return self._execute_with_wrappers(
  File "E:\speechdub\env\lib\site-packages\django\db\backends\utils.py", line 92, in _execute_with_wrappers
    return executor(sql, params, many, context)
  File "E:\speechdub\env\lib\site-packages\django\db\backends\utils.py", line 100, in _execute
    with self.db.wrap_database_errors:
  File "E:\speechdub\env\lib\site-packages\django\db\utils.py", line 91, in __exit__
    raise dj_exc_value.with_traceback(traceback) from exc_value
  File "E:\speechdub\env\lib\site-packages\django\db\backends\utils.py", line 105, in _execute
    return self.cursor.execute(sql, params)
  File "E:\speechdub\env\lib\site-packages\django\db\backends\sqlite3\base.py", line 360, in execute
    return super().execute(query, params)
django.db.utils.OperationalError: no such table: web_audiojob
Watching for file changes with StatReloader
Watching for file changes with StatReloader
Not Found: /api/v1/jobs/
E:\speechdub\web\views.py changed, reloading.
Watching for file changes with StatReloader
[ebc5682f-28ea-4e40-a57e-28f1bf27f54c] ========== PIPELINE START ==========
[ebc5682f-28ea-4e40-a57e-28f1bf27f54c] Job updated: {'status': 'preprocessing', 'progress': 5, 'status_message': 'Preprocessing audio (convert, denoise, normalize)...'}
[ebc5682f-28ea-4e40-a57e-28f1bf27f54c] Starting preprocessing: E:\speechdub\media\uploads\Catching_Up_With_Friends_Audio_2_Qgtf6b9.mp3
[ebc5682f-28ea-4e40-a57e-28f1bf27f54c] PIPELINE FAILED: FileNotFoundError: [WinError 2] The system cannot find the file specified
Traceback (most recent call last):
  File "E:\speechdub\pipeline\orchestrator.py", line 67, in run_pipeline
    preprocess_result = preprocess_audio(
  File "E:\speechdub\audio_processing\preprocessor.py", line 201, in preprocess_audio
    convert_to_wav(input_path, raw_wav)
  File "E:\speechdub\audio_processing\preprocessor.py", line 23, in convert_to_wav
    result = subprocess.run(cmd, capture_output=True, text=True)
  File "C:\Users\ADMIN\AppData\Local\Programs\Python\Python310\lib\subprocess.py", line 503, in run
    with Popen(*popenargs, **kwargs) as process:
  File "C:\Users\ADMIN\AppData\Local\Programs\Python\Python310\lib\subprocess.py", line 971, in __init__
    self._execute_child(args, executable, preexec_fn, close_fds,
  File "C:\Users\ADMIN\AppData\Local\Programs\Python\Python310\lib\subprocess.py", line 1456, in _execute_child
    hp, ht, pid, tid = _winapi.CreateProcess(executable, args,
FileNotFoundError: [WinError 2] The system cannot find the file specified

[ebc5682f-28ea-4e40-a57e-28f1bf27f54c] Job updated: {'status': 'failed', 'progress': 0, 'status_message': 'Processing failed.', 'error_message': 'FileNotFoundError: [WinError 2] The system cannot find the file specified\nTraceback (most recent call last):\n  File "E:\\speechdub\\pipeline\\orchestrator.py", line 67, in run_pipeline\n    preprocess_result = preprocess_audio(\n  File "E:\\speechdub\\audio_processing\\preprocessor.py", line 201, in preprocess_audio\n    convert_to_wav(input_path, raw_wav)\n  File "E:\\speechdub\\audio_processing\\preprocessor.py", line 23, in convert_to_wav\n    result = subprocess.run(cmd, capture_output=True, text=True)\n  File "C:\\Users\\ADMIN\\AppData\\Local\\Programs\\Python\\Python310\\lib\\subprocess.py", line 503, in run\n    with Popen(*popenargs, **kwargs) as process:\n  File "C:\\Users\\ADMIN\\AppData\\Local\\Programs\\Python\\Python310\\lib\\subprocess.py", line 971, in __init__\n    self._execute_child(args, executable, preexec_fn, close_fds,\n  File "C:\\Users\\ADMIN\\AppData\\Local\\Programs\\Python\\Python310\\lib\\subprocess.py", line 1456, in _execute_child\n    hp, ht, pid, tid = _winapi.CreateProcess(executable, args,\nFileNotFoundError: [WinError 2] The system cannot find the file specified\n'}
Watching for file changes with StatReloader
[bae7e10b-aaf8-4ae3-9c5f-259b5e442ec2] ========== PIPELINE START ==========
[bae7e10b-aaf8-4ae3-9c5f-259b5e442ec2] Job updated: {'status': 'preprocessing', 'progress': 5, 'status_message': 'Preprocessing audio (convert, denoise, normalize)...'}
[bae7e10b-aaf8-4ae3-9c5f-259b5e442ec2] Starting preprocessing: E:\speechdub\media\uploads\Catching_Up_With_Friends_Audio_2_SJLaLUS.mp3
[bae7e10b-aaf8-4ae3-9c5f-259b5e442ec2] Duration: 31.0s
[bae7e10b-aaf8-4ae3-9c5f-259b5e442ec2] Loaded 495793 samples at 16000Hz
[bae7e10b-aaf8-4ae3-9c5f-259b5e442ec2] Noise reduction done
[bae7e10b-aaf8-4ae3-9c5f-259b5e442ec2] Normalization done
[bae7e10b-aaf8-4ae3-9c5f-259b5e442ec2] Saved processed WAV: E:\speechdub\media\jobs\bae7e10b-aaf8-4ae3-9c5f-259b5e442ec2\bae7e10b-aaf8-4ae3-9c5f-259b5e442ec2_processed.wav
[bae7e10b-aaf8-4ae3-9c5f-259b5e442ec2] Preprocessing done. Duration=31.0s
[bae7e10b-aaf8-4ae3-9c5f-259b5e442ec2] Job updated: {'processed_wav': 'jobs\\bae7e10b-aaf8-4ae3-9c5f-259b5e442ec2\\bae7e10b-aaf8-4ae3-9c5f-259b5e442ec2_processed.wav', 'progress': 15, 'status_message': 'Audio ready (31.0s). Running speaker diarization...'}
[bae7e10b-aaf8-4ae3-9c5f-259b5e442ec2] Job updated: {'status': 'diarizing', 'progress': 20, 'status_message': 'Detecting speakers (this may take 1-2 min)...'}
[bae7e10b-aaf8-4ae3-9c5f-259b5e442ec2] Starting diarization: E:\speechdub\media\jobs\bae7e10b-aaf8-4ae3-9c5f-259b5e442ec2\bae7e10b-aaf8-4ae3-9c5f-259b5e442ec2_processed.wav
Loading pyannote pipeline...
Pyannote diarization failed: Repo id must be in the form 'repo_name' or 'namespace/repo_name': 'C:\Users\ADMIN/.cache/pyannote/speaker-diarization'. Use `repo_type` argument if needed.. Using fallback.
Using energy-based fallback diarization...
[bae7e10b-aaf8-4ae3-9c5f-259b5e442ec2] Detected 1 speaker(s), 1 segments
[bae7e10b-aaf8-4ae3-9c5f-259b5e442ec2] Job updated: {'num_speakers': 1, 'progress': 35, 'status_message': 'Detected 1 speaker(s), 1 segments. Transcribing...'}
[bae7e10b-aaf8-4ae3-9c5f-259b5e442ec2] Job updated: {'status': 'transcribing', 'progress': 40, 'status_message': 'Transcribing speech with Whisper...'}
Loading Whisper model: medium
Whisper model loaded successfully
Detected language: en (confidence: 1.00)
[bae7e10b-aaf8-4ae3-9c5f-259b5e442ec2] Overall audio language: en
[bae7e10b-aaf8-4ae3-9c5f-259b5e442ec2] Transcribing segment 1/1: SPEAKER_00 [0.0s - 30.0s]
Transcribed: 'Jane? Mark? Hi, it's been ages since I last saw you. How are...' lang=en conf=0.83
[bae7e10b-aaf8-4ae3-9c5f-259b5e442ec2] Transcription complete: 1 segments
[bae7e10b-aaf8-4ae3-9c5f-259b5e442ec2] Job updated: {'progress': 55, 'status_message': 'Transcription done. Normalizing Tamil text...'}
[bae7e10b-aaf8-4ae3-9c5f-259b5e442ec2] Job updated: {'progress': 60, 'status_message': 'Normalization done. Translating to English...'}
[bae7e10b-aaf8-4ae3-9c5f-259b5e442ec2] Job updated: {'progress': 70, 'status_message': 'Translation done. Profiling speakers...'}
[bae7e10b-aaf8-4ae3-9c5f-259b5e442ec2] Profiling speaker: SPEAKER_00
Speaker SPEAKER_00: gender=female, pitch=216.2Hz, duration=30.0s
[bae7e10b-aaf8-4ae3-9c5f-259b5e442ec2] Job updated: {'progress': 75, 'status_message': 'Profiles ready. Synthesizing English speech...'}
[bae7e10b-aaf8-4ae3-9c5f-259b5e442ec2] Job updated: {'status': 'synthesizing', 'progress': 78, 'status_message': 'Generating dubbed English speech...'}
[bae7e10b-aaf8-4ae3-9c5f-259b5e442ec2] Synthesizing segment 1/1: SPEAKER_00 - 'Jane? Mark? Hi, it's been ages since I l...'
Loading Coqui TTS model: tts_models/en/vctk/vits
Coqui TTS model tts_models/en/vctk/vits failed:  [!] No espeak backend found. Install espeak-ng or espeak to your system.
Loading Coqui TTS model: tts_models/en/ljspeech/tacotron2-DDC
Coqui TTS loaded: tts_models/en/ljspeech/tacotron2-DDC
[bae7e10b-aaf8-4ae3-9c5f-259b5e442ec2] Job updated: {'progress': 90, 'status_message': 'Speech synthesis done. Stitching audio...'}
[bae7e10b-aaf8-4ae3-9c5f-259b5e442ec2] Stitching 1 audio segments...
Saved combined audio: E:\speechdub\media\jobs\bae7e10b-aaf8-4ae3-9c5f-259b5e442ec2\bae7e10b-aaf8-4ae3-9c5f-259b5e442ec2_dubbed.wav (43.1s)
[bae7e10b-aaf8-4ae3-9c5f-259b5e442ec2] Stitching done: 1/1 valid segments, total duration: 43.1s
[bae7e10b-aaf8-4ae3-9c5f-259b5e442ec2] Job updated: {'progress': 95, 'status_message': 'Audio ready. Building transcript...'}
[bae7e10b-aaf8-4ae3-9c5f-259b5e442ec2] ========== PIPELINE COMPLETE ==========
[bae7e10b-aaf8-4ae3-9c5f-259b5e442ec2] Speakers: 1, Segments: 1
Watching for file changes with StatReloader
Not Found: /favicon.ico
Not Found: /favicon.ico
[c7d4eca8-e70e-406f-83f4-4eb76d9b38fa] ========== PIPELINE START ==========
[c7d4eca8-e70e-406f-83f4-4eb76d9b38fa] Job updated: {'status': 'preprocessing', 'progress': 5, 'status_message': 'Preprocessing audio (convert, denoise, normalize)...'}
[c7d4eca8-e70e-406f-83f4-4eb76d9b38fa] Starting preprocessing: E:\speechdub\media\uploads\177553868435277553buc4scw-voicemaker.in-speech.mp3
[c7d4eca8-e70e-406f-83f4-4eb76d9b38fa] Duration: 2.4s
[c7d4eca8-e70e-406f-83f4-4eb76d9b38fa] Loaded 38101 samples at 16000Hz
[c7d4eca8-e70e-406f-83f4-4eb76d9b38fa] Noise reduction done
[c7d4eca8-e70e-406f-83f4-4eb76d9b38fa] Normalization done
[c7d4eca8-e70e-406f-83f4-4eb76d9b38fa] Saved processed WAV: E:\speechdub\media\jobs\c7d4eca8-e70e-406f-83f4-4eb76d9b38fa\c7d4eca8-e70e-406f-83f4-4eb76d9b38fa_processed.wav
[c7d4eca8-e70e-406f-83f4-4eb76d9b38fa] Preprocessing done. Duration=2.4s
[c7d4eca8-e70e-406f-83f4-4eb76d9b38fa] Job updated: {'processed_wav': 'jobs\\c7d4eca8-e70e-406f-83f4-4eb76d9b38fa\\c7d4eca8-e70e-406f-83f4-4eb76d9b38fa_processed.wav', 'progress': 15, 'status_message': 'Audio ready (2.4s). Running speaker diarization...'}
[c7d4eca8-e70e-406f-83f4-4eb76d9b38fa] Job updated: {'status': 'diarizing', 'progress': 20, 'status_message': 'Detecting speakers (this may take 1-2 min)...'}
[c7d4eca8-e70e-406f-83f4-4eb76d9b38fa] Starting diarization: E:\speechdub\media\jobs\c7d4eca8-e70e-406f-83f4-4eb76d9b38fa\c7d4eca8-e70e-406f-83f4-4eb76d9b38fa_processed.wav
Loading pyannote pipeline...
Pyannote diarization failed: Repo id must be in the form 'repo_name' or 'namespace/repo_name': 'C:\Users\ADMIN/.cache/pyannote/speaker-diarization'. Use `repo_type` argument if needed.. Using fallback.
Using energy-based fallback diarization...
[c7d4eca8-e70e-406f-83f4-4eb76d9b38fa] Detected 1 speaker(s), 1 segments
[c7d4eca8-e70e-406f-83f4-4eb76d9b38fa] Job updated: {'num_speakers': 1, 'progress': 35, 'status_message': 'Detected 1 speaker(s), 1 segments. Transcribing...'}
[c7d4eca8-e70e-406f-83f4-4eb76d9b38fa] Job updated: {'status': 'transcribing', 'progress': 40, 'status_message': 'Transcribing speech with Whisper...'}
Loading Whisper model: medium
Whisper model loaded successfully
Detected language: en (confidence: 0.86)
[c7d4eca8-e70e-406f-83f4-4eb76d9b38fa] Overall audio language: en
[c7d4eca8-e70e-406f-83f4-4eb76d9b38fa] Transcribing segment 1/1: SPEAKER_00 [0.0s - 2.0s]
[c7d4eca8-e70e-406f-83f4-4eb76d9b38fa] Transcription complete: 1 segments
[c7d4eca8-e70e-406f-83f4-4eb76d9b38fa] Job updated: {'progress': 55, 'status_message': 'Transcription done. Normalizing Tamil text...'}
[c7d4eca8-e70e-406f-83f4-4eb76d9b38fa] Job updated: {'progress': 60, 'status_message': 'Normalization done. Translating to English...'}
[c7d4eca8-e70e-406f-83f4-4eb76d9b38fa] Job updated: {'progress': 70, 'status_message': 'Translation done. Profiling speakers...'}
[c7d4eca8-e70e-406f-83f4-4eb76d9b38fa] Profiling speaker: SPEAKER_00
Speaker SPEAKER_00: gender=male, pitch=153.8Hz, duration=2.0s
[c7d4eca8-e70e-406f-83f4-4eb76d9b38fa] Job updated: {'progress': 75, 'status_message': 'Profiles ready. Synthesizing English speech...'}
[c7d4eca8-e70e-406f-83f4-4eb76d9b38fa] Job updated: {'status': 'synthesizing', 'progress': 78, 'status_message': 'Generating dubbed English speech...'}
Loading Coqui TTS model: tts_models/en/vctk/vits
Coqui TTS model tts_models/en/vctk/vits failed:  [!] No espeak backend found. Install espeak-ng or espeak to your system.
Loading Coqui TTS model: tts_models/en/ljspeech/tacotron2-DDC
Coqui TTS loaded: tts_models/en/ljspeech/tacotron2-DDC
[c7d4eca8-e70e-406f-83f4-4eb76d9b38fa] Job updated: {'progress': 90, 'status_message': 'Speech synthesis done. Stitching audio...'}
[c7d4eca8-e70e-406f-83f4-4eb76d9b38fa] Stitching 1 audio segments...
Saved combined audio: E:\speechdub\media\jobs\c7d4eca8-e70e-406f-83f4-4eb76d9b38fa\c7d4eca8-e70e-406f-83f4-4eb76d9b38fa_dubbed.wav (3.5s)
[c7d4eca8-e70e-406f-83f4-4eb76d9b38fa] Stitching done: 1/1 valid segments, total duration: 3.5s
[c7d4eca8-e70e-406f-83f4-4eb76d9b38fa] Job updated: {'progress': 95, 'status_message': 'Audio ready. Building transcript...'}
[c7d4eca8-e70e-406f-83f4-4eb76d9b38fa] ========== PIPELINE COMPLETE ==========
[c7d4eca8-e70e-406f-83f4-4eb76d9b38fa] Speakers: 1, Segments: 1
Not Found: /favicon.ico
E:\speechdub\diarization\speaker_profiler.py changed, reloading.
Watching for file changes with StatReloader
E:\speechdub\speechdub\settings.py changed, reloading.
Watching for file changes with StatReloader
E:\speechdub\manage.py changed, reloading.
Watching for file changes with StatReloader
E:\speechdub\manage.py changed, reloading.
Watching for file changes with StatReloader
[b16ce614-d7db-47e1-8fd9-7b3657b82628] ========== PIPELINE START ==========
[b16ce614-d7db-47e1-8fd9-7b3657b82628] Job updated: {'status': 'preprocessing', 'progress': 5, 'status_message': 'Preprocessing audio (convert, denoise, normalize)...'}
[b16ce614-d7db-47e1-8fd9-7b3657b82628] Starting preprocessing: E:\speechdub\media\uploads\177553868435277553buc4scw-voicemaker_zOkBp5h.in-speech.mp3
[b16ce614-d7db-47e1-8fd9-7b3657b82628] Duration: 2.4s
[b16ce614-d7db-47e1-8fd9-7b3657b82628] Loaded 38101 samples at 16000Hz
[b16ce614-d7db-47e1-8fd9-7b3657b82628] Noise reduction done
[b16ce614-d7db-47e1-8fd9-7b3657b82628] Normalization done
[b16ce614-d7db-47e1-8fd9-7b3657b82628] Saved processed WAV: E:\speechdub\media\jobs\b16ce614-d7db-47e1-8fd9-7b3657b82628\b16ce614-d7db-47e1-8fd9-7b3657b82628_processed.wav
[b16ce614-d7db-47e1-8fd9-7b3657b82628] Preprocessing done. Duration=2.4s
[b16ce614-d7db-47e1-8fd9-7b3657b82628] Job updated: {'processed_wav': 'jobs\\b16ce614-d7db-47e1-8fd9-7b3657b82628\\b16ce614-d7db-47e1-8fd9-7b3657b82628_processed.wav', 'progress': 15, 'status_message': 'Audio ready (2.4s). Running speaker diarization...'}
[b16ce614-d7db-47e1-8fd9-7b3657b82628] Job updated: {'status': 'diarizing', 'progress': 20, 'status_message': 'Detecting speakers (this may take 1-2 min)...'}
[b16ce614-d7db-47e1-8fd9-7b3657b82628] Starting diarization: E:\speechdub\media\jobs\b16ce614-d7db-47e1-8fd9-7b3657b82628\b16ce614-d7db-47e1-8fd9-7b3657b82628_processed.wav
Loading pyannote pipeline...
HTTP Request: HEAD https://huggingface.co/pyannote/speaker-diarization-3.1/resolve/main/config.yaml "HTTP/1.1 401 Unauthorized"
Pyannote model load error: 401 Client Error. (Request ID: Root=1-69d49614-3d5af8ef12a15c152d21f151;5a7b01ca-6f89-4644-80ac-378fc7d07910)

Cannot access gated repo for url https://huggingface.co/pyannote/speaker-diarization-3.1/resolve/main/config.yaml.
Access to model pyannote/speaker-diarization-3.1 is restricted. You must have access to it and be authenticated to access it. Please log in.
Using energy-based fallback diarization...
[b16ce614-d7db-47e1-8fd9-7b3657b82628] Detected 1 speaker(s), 1 segments
[b16ce614-d7db-47e1-8fd9-7b3657b82628] Job updated: {'num_speakers': 1, 'progress': 35, 'status_message': 'Detected 1 speaker(s), 1 segments. Transcribing...'}
[b16ce614-d7db-47e1-8fd9-7b3657b82628] Job updated: {'status': 'transcribing', 'progress': 40, 'status_message': 'Transcribing speech with Whisper...'}
Loading Whisper model: medium
Whisper model loaded successfully
Detected language: en (confidence: 0.86)
[b16ce614-d7db-47e1-8fd9-7b3657b82628] Overall audio language: en
[b16ce614-d7db-47e1-8fd9-7b3657b82628] Transcribing segment 1/1: SPEAKER_00 [0.0s - 2.0s]
[b16ce614-d7db-47e1-8fd9-7b3657b82628] Transcription complete: 1 segments
[b16ce614-d7db-47e1-8fd9-7b3657b82628] Job updated: {'progress': 55, 'status_message': 'Transcription done. Normalizing Tamil text...'}
[b16ce614-d7db-47e1-8fd9-7b3657b82628] Job updated: {'progress': 60, 'status_message': 'Normalization done. Translating to English...'}
[b16ce614-d7db-47e1-8fd9-7b3657b82628] Job updated: {'progress': 70, 'status_message': 'Translation done. Profiling speakers...'}
[b16ce614-d7db-47e1-8fd9-7b3657b82628] Profiling speaker: SPEAKER_00
  Segment pitch: 115.9 Hz (duration=2.0s)
Speaker SPEAKER_00 pitches: [115.9]
Speaker SPEAKER_00 median pitch: 115.9 Hz
Speaker SPEAKER_00: gender=male, pitch=115.9Hz, duration=2.0s
[b16ce614-d7db-47e1-8fd9-7b3657b82628] Job updated: {'progress': 75, 'status_message': 'Profiles ready. Synthesizing English speech...'}
[b16ce614-d7db-47e1-8fd9-7b3657b82628] Job updated: {'status': 'synthesizing', 'progress': 78, 'status_message': 'Generating dubbed English speech...'}
Loading Coqui TTS model: tts_models/en/vctk/vits
Coqui TTS loaded: tts_models/en/vctk/vits
[b16ce614-d7db-47e1-8fd9-7b3657b82628] Job updated: {'progress': 90, 'status_message': 'Speech synthesis done. Stitching audio...'}
[b16ce614-d7db-47e1-8fd9-7b3657b82628] Stitching 1 audio segments...
Saved combined audio: E:\speechdub\media\jobs\b16ce614-d7db-47e1-8fd9-7b3657b82628\b16ce614-d7db-47e1-8fd9-7b3657b82628_dubbed.wav (2.4s)
[b16ce614-d7db-47e1-8fd9-7b3657b82628] Stitching done: 1/1 valid segments, total duration: 2.4s
[b16ce614-d7db-47e1-8fd9-7b3657b82628] Job updated: {'progress': 95, 'status_message': 'Audio ready. Building transcript...'}
[b16ce614-d7db-47e1-8fd9-7b3657b82628] ========== PIPELINE COMPLETE ==========
[b16ce614-d7db-47e1-8fd9-7b3657b82628] Speakers: 1, Segments: 1
Not Found: /favicon.ico
Watching for file changes with StatReloader
[6785f513-b82a-4852-85da-9af98d1cdd69] ========== PIPELINE START ==========
[6785f513-b82a-4852-85da-9af98d1cdd69] Job updated: {'status': 'preprocessing', 'progress': 5, 'status_message': 'Preprocessing audio (convert, denoise, normalize)...'}
[6785f513-b82a-4852-85da-9af98d1cdd69] Starting preprocessing: E:\speechdub\media\uploads\Catching_Up_With_Friends_Audio_2_rfyCjh2.mp3
[6785f513-b82a-4852-85da-9af98d1cdd69] Duration: 31.0s
[6785f513-b82a-4852-85da-9af98d1cdd69] Loaded 495793 samples at 16000Hz
[6785f513-b82a-4852-85da-9af98d1cdd69] Noise reduction done
[6785f513-b82a-4852-85da-9af98d1cdd69] Normalization done
[6785f513-b82a-4852-85da-9af98d1cdd69] Saved processed WAV: E:\speechdub\media\jobs\6785f513-b82a-4852-85da-9af98d1cdd69\6785f513-b82a-4852-85da-9af98d1cdd69_processed.wav
[6785f513-b82a-4852-85da-9af98d1cdd69] Preprocessing done. Duration=31.0s
[6785f513-b82a-4852-85da-9af98d1cdd69] Job updated: {'processed_wav': 'jobs\\6785f513-b82a-4852-85da-9af98d1cdd69\\6785f513-b82a-4852-85da-9af98d1cdd69_processed.wav', 'progress': 15, 'status_message': 'Audio ready (31.0s). Running speaker diarization...'}
[6785f513-b82a-4852-85da-9af98d1cdd69] Job updated: {'status': 'diarizing', 'progress': 20, 'status_message': 'Detecting speakers (this may take 1-2 min)...'}
[6785f513-b82a-4852-85da-9af98d1cdd69] Starting diarization: E:\speechdub\media\jobs\6785f513-b82a-4852-85da-9af98d1cdd69\6785f513-b82a-4852-85da-9af98d1cdd69_processed.wav
Loading pyannote pipeline...
Pyannote model load error: Pipeline.from_pretrained() got an unexpected keyword argument 'use_auth_token'
Using energy-based fallback diarization...
[6785f513-b82a-4852-85da-9af98d1cdd69] Detected 1 speaker(s), 1 segments
[6785f513-b82a-4852-85da-9af98d1cdd69] Job updated: {'num_speakers': 1, 'progress': 35, 'status_message': 'Detected 1 speaker(s), 1 segments. Transcribing...'}
[6785f513-b82a-4852-85da-9af98d1cdd69] Job updated: {'status': 'transcribing', 'progress': 40, 'status_message': 'Transcribing speech with Whisper...'}
Loading Whisper model: medium
Whisper model loaded successfully
E:\speechdub\diarization\diarizer.py changed, reloading.
Watching for file changes with StatReloader
[8be4f8b1-72c3-4c51-93ed-dfe257abfefc] ========== PIPELINE START ==========
[8be4f8b1-72c3-4c51-93ed-dfe257abfefc] Job updated: {'status': 'preprocessing', 'progress': 5, 'status_message': 'Preprocessing audio (convert, denoise, normalize)...'}
[8be4f8b1-72c3-4c51-93ed-dfe257abfefc] Starting preprocessing: E:\speechdub\media\uploads\Catching_Up_With_Friends_Audio_2_Wpb34HW.mp3
[8be4f8b1-72c3-4c51-93ed-dfe257abfefc] Duration: 31.0s
[8be4f8b1-72c3-4c51-93ed-dfe257abfefc] Loaded 495793 samples at 16000Hz
[8be4f8b1-72c3-4c51-93ed-dfe257abfefc] Noise reduction done
[8be4f8b1-72c3-4c51-93ed-dfe257abfefc] Normalization done
[8be4f8b1-72c3-4c51-93ed-dfe257abfefc] Saved processed WAV: E:\speechdub\media\jobs\8be4f8b1-72c3-4c51-93ed-dfe257abfefc\8be4f8b1-72c3-4c51-93ed-dfe257abfefc_processed.wav
[8be4f8b1-72c3-4c51-93ed-dfe257abfefc] Preprocessing done. Duration=31.0s
[8be4f8b1-72c3-4c51-93ed-dfe257abfefc] Job updated: {'processed_wav': 'jobs\\8be4f8b1-72c3-4c51-93ed-dfe257abfefc\\8be4f8b1-72c3-4c51-93ed-dfe257abfefc_processed.wav', 'progress': 15, 'status_message': 'Audio ready (31.0s). Running speaker diarization...'}
[8be4f8b1-72c3-4c51-93ed-dfe257abfefc] Job updated: {'status': 'diarizing', 'progress': 20, 'status_message': 'Detecting speakers (this may take 1-2 min)...'}
[8be4f8b1-72c3-4c51-93ed-dfe257abfefc] Starting diarization: E:\speechdub\media\jobs\8be4f8b1-72c3-4c51-93ed-dfe257abfefc\8be4f8b1-72c3-4c51-93ed-dfe257abfefc_processed.wav
Loading pyannote pipeline...
HTTP Request: HEAD https://huggingface.co/pyannote/speaker-diarization-3.1/resolve/main/config.yaml "HTTP/1.1 403 Forbidden"
Pyannote load failed: An error happened while trying to locate the file on the Hub and we cannot find the requested files in the local cache. Please check your connection and try again or make sure your Internet connection is on.
Using energy-based fallback diarization...
[8be4f8b1-72c3-4c51-93ed-dfe257abfefc] Detected 1 speaker(s), 1 segments
[8be4f8b1-72c3-4c51-93ed-dfe257abfefc] Job updated: {'num_speakers': 1, 'progress': 35, 'status_message': 'Detected 1 speaker(s), 1 segments. Transcribing...'}
[8be4f8b1-72c3-4c51-93ed-dfe257abfefc] Job updated: {'status': 'transcribing', 'progress': 40, 'status_message': 'Transcribing speech with Whisper...'}
Loading Whisper model: medium
Whisper model loaded successfully
Detected language: en (confidence: 1.00)
[8be4f8b1-72c3-4c51-93ed-dfe257abfefc] Overall audio language: en
[8be4f8b1-72c3-4c51-93ed-dfe257abfefc] Transcribing segment 1/1: SPEAKER_00 [0.0s - 30.0s]
E:\speechdub\diarization\diarizer.py changed, reloading.
Watching for file changes with StatReloader
Watching for file changes with StatReloader
Not Found: /favicon.ico
[d1417651-7932-4366-a37e-cdead06ff638] ========== PIPELINE START ==========
[d1417651-7932-4366-a37e-cdead06ff638] Job updated: {'status': 'preprocessing', 'progress': 5, 'status_message': 'Preprocessing audio (convert, denoise, normalize)...'}
[d1417651-7932-4366-a37e-cdead06ff638] Starting preprocessing: E:\speechdub\media\uploads\Catching_Up_With_Friends_Audio_2_9S0teNv.mp3
Converted E:\speechdub\media\uploads\Catching_Up_With_Friends_Audio_2_9S0teNv.mp3 -> E:\speechdub\media\jobs\d1417651-7932-4366-a37e-cdead06ff638\d1417651-7932-4366-a37e-cdead06ff638_raw.wav
[d1417651-7932-4366-a37e-cdead06ff638] Duration: 31.0s
[d1417651-7932-4366-a37e-cdead06ff638] Loaded 495793 samples at 16000Hz
[d1417651-7932-4366-a37e-cdead06ff638] Noise reduction done
[d1417651-7932-4366-a37e-cdead06ff638] Normalization done
[d1417651-7932-4366-a37e-cdead06ff638] Saved processed WAV: E:\speechdub\media\jobs\d1417651-7932-4366-a37e-cdead06ff638\d1417651-7932-4366-a37e-cdead06ff638_processed.wav
[d1417651-7932-4366-a37e-cdead06ff638] Preprocessing done. Duration=31.0s
[d1417651-7932-4366-a37e-cdead06ff638] Job updated: {'processed_wav': 'jobs\\d1417651-7932-4366-a37e-cdead06ff638\\d1417651-7932-4366-a37e-cdead06ff638_processed.wav', 'progress': 15, 'status_message': 'Audio ready (31.0s). Running speaker diarization...'}
[d1417651-7932-4366-a37e-cdead06ff638] Job updated: {'status': 'diarizing', 'progress': 20, 'status_message': 'Detecting speakers (this may take 1-2 min)...'}
[d1417651-7932-4366-a37e-cdead06ff638] Starting diarization: E:\speechdub\media\jobs\d1417651-7932-4366-a37e-cdead06ff638\d1417651-7932-4366-a37e-cdead06ff638_processed.wav
Loading pyannote pipeline...
HTTP Request: HEAD https://huggingface.co/pyannote/speaker-diarization-3.1/resolve/main/config.yaml "HTTP/1.1 200 OK"
HTTP Request: GET https://huggingface.co/pyannote/speaker-diarization-3.1/resolve/main/config.yaml "HTTP/1.1 200 OK"
HTTP Request: HEAD https://huggingface.co/pyannote/segmentation-3.0/resolve/main/pytorch_model.bin "HTTP/1.1 302 Found"
HTTP Request: GET https://huggingface.co/api/models/pyannote/segmentation-3.0/xet-read-token/e66f3d3b9eb0873085418a7b813d3b369bf160bb "HTTP/1.1 200 OK"
HTTP Request: HEAD https://huggingface.co/pyannote/speaker-diarization-community-1/resolve/main/plda/xvec_transform.npz "HTTP/1.1 403 Forbidden"
Pyannote load failed: 403 Client Error. (Request ID: Root=1-69d49c2c-4d48e51d05bd3ea111935115;fd7152f5-8ff9-49df-a1d9-b3f1b5b43190)

Cannot access gated repo for url https://huggingface.co/pyannote/speaker-diarization-community-1/resolve/main/plda/xvec_transform.npz.
Access to model pyannote/speaker-diarization-community-1 is restricted and you are not in the authorized list. Visit https://huggingface.co/pyannote/speaker-diarization-community-1 to ask for access.
Using energy-based fallback diarization...
[d1417651-7932-4366-a37e-cdead06ff638] Detected 1 speaker(s), 1 segments
[d1417651-7932-4366-a37e-cdead06ff638] Job updated: {'num_speakers': 1, 'progress': 35, 'status_message': 'Detected 1 speaker(s), 1 segments. Transcribing...'}
[d1417651-7932-4366-a37e-cdead06ff638] Job updated: {'status': 'transcribing', 'progress': 40, 'status_message': 'Transcribing speech with Whisper...'}
Loading Whisper model: medium
Whisper model loaded successfully
Detected language: en (confidence: 1.00)
[d1417651-7932-4366-a37e-cdead06ff638] Overall audio language: en
[d1417651-7932-4366-a37e-cdead06ff638] Transcribing segment 1/1: SPEAKER_00 [0.0s - 30.0s]
Transcribed: 'Jane? Mark? Hi, it's been ages since I last saw you. How are...' lang=en conf=0.83
[d1417651-7932-4366-a37e-cdead06ff638] Transcription complete: 1 segments
[d1417651-7932-4366-a37e-cdead06ff638] Job updated: {'progress': 55, 'status_message': 'Transcription done. Normalizing Tamil text...'}
[d1417651-7932-4366-a37e-cdead06ff638] Job updated: {'progress': 60, 'status_message': 'Normalization done. Translating to English...'}
[d1417651-7932-4366-a37e-cdead06ff638] Job updated: {'status': 'translating', 'progress': 62, 'status_message': 'Translating Tamil -> English...'}
[d1417651-7932-4366-a37e-cdead06ff638] Job updated: {'progress': 70, 'status_message': 'Translation done. Profiling speakers...'}
[d1417651-7932-4366-a37e-cdead06ff638] Profiling speaker: SPEAKER_00
  Segment pitch: 187.1 Hz (duration=30.0s)
Speaker SPEAKER_00 pitches: [187.1]
Speaker SPEAKER_00 median pitch: 187.1 Hz
Speaker SPEAKER_00: gender=female, pitch=187.1Hz, duration=30.0s
[d1417651-7932-4366-a37e-cdead06ff638] Job updated: {'progress': 75, 'status_message': 'Profiles ready. Synthesizing English speech...'}
[d1417651-7932-4366-a37e-cdead06ff638] Job updated: {'status': 'synthesizing', 'progress': 78, 'status_message': 'Generating dubbed English speech...'}
[d1417651-7932-4366-a37e-cdead06ff638] Synthesizing segment 1/1: SPEAKER_00 - 'Jane? Mark? Hi, it's been ages since I l...'
Loading Coqui TTS model: tts_models/en/vctk/vits
Coqui TTS loaded: tts_models/en/vctk/vits
E:\speechdub\diarization\diarizer.py changed, reloading.
Watching for file changes with StatReloader
Watching for file changes with StatReloader
[4bd09310-85d0-47db-99d5-ea800d41fb94] ========== PIPELINE START ==========
[4bd09310-85d0-47db-99d5-ea800d41fb94] Job updated: {'status': 'preprocessing', 'progress': 5, 'status_message': 'Preprocessing audio (convert, denoise, normalize)...'}
[4bd09310-85d0-47db-99d5-ea800d41fb94] Starting preprocessing: E:\speechdub\media\uploads\Catching_Up_With_Friends_Audio_2_xCNvlKQ.mp3
Converted E:\speechdub\media\uploads\Catching_Up_With_Friends_Audio_2_xCNvlKQ.mp3 -> E:\speechdub\media\jobs\4bd09310-85d0-47db-99d5-ea800d41fb94\4bd09310-85d0-47db-99d5-ea800d41fb94_raw.wav
[4bd09310-85d0-47db-99d5-ea800d41fb94] Duration: 31.0s
[4bd09310-85d0-47db-99d5-ea800d41fb94] Loaded 495793 samples at 16000Hz
[4bd09310-85d0-47db-99d5-ea800d41fb94] Noise reduction done
[4bd09310-85d0-47db-99d5-ea800d41fb94] Normalization done
[4bd09310-85d0-47db-99d5-ea800d41fb94] Saved processed WAV: E:\speechdub\media\jobs\4bd09310-85d0-47db-99d5-ea800d41fb94\4bd09310-85d0-47db-99d5-ea800d41fb94_processed.wav
[4bd09310-85d0-47db-99d5-ea800d41fb94] Preprocessing done. Duration=31.0s
[4bd09310-85d0-47db-99d5-ea800d41fb94] Job updated: {'processed_wav': 'jobs\\4bd09310-85d0-47db-99d5-ea800d41fb94\\4bd09310-85d0-47db-99d5-ea800d41fb94_processed.wav', 'progress': 15, 'status_message': 'Audio ready (31.0s). Running speaker diarization...'}
[4bd09310-85d0-47db-99d5-ea800d41fb94] Job updated: {'status': 'diarizing', 'progress': 20, 'status_message': 'Detecting speakers (this may take 1-2 min)...'}
[4bd09310-85d0-47db-99d5-ea800d41fb94] Starting diarization: E:\speechdub\media\jobs\4bd09310-85d0-47db-99d5-ea800d41fb94\4bd09310-85d0-47db-99d5-ea800d41fb94_processed.wav
Loading pyannote pipeline...
HTTP Request: HEAD https://huggingface.co/pyannote/speaker-diarization-3.1/resolve/main/config.yaml "HTTP/1.1 200 OK"
HTTP Request: GET https://huggingface.co/pyannote/speaker-diarization-3.1/resolve/main/config.yaml "HTTP/1.1 200 OK"
HTTP Request: HEAD https://huggingface.co/pyannote/segmentation-3.0/resolve/main/pytorch_model.bin "HTTP/1.1 302 Found"
HTTP Request: GET https://huggingface.co/api/models/pyannote/segmentation-3.0/xet-read-token/e66f3d3b9eb0873085418a7b813d3b369bf160bb "HTTP/1.1 200 OK"
HTTP Request: HEAD https://huggingface.co/pyannote/speaker-diarization-community-1/resolve/main/plda/xvec_transform.npz "HTTP/1.1 302 Found"
HTTP Request: GET https://huggingface.co/api/models/pyannote/speaker-diarization-community-1/xet-read-token/3533c8cf8e369892e6b79ff1bf80f7b0286a54ee "HTTP/1.1 200 OK"
HTTP Request: HEAD https://huggingface.co/pyannote/speaker-diarization-community-1/resolve/main/plda/plda.npz "HTTP/1.1 302 Found"
HTTP Request: HEAD https://huggingface.co/pyannote/wespeaker-voxceleb-resnet34-LM/resolve/main/pytorch_model.bin "HTTP/1.1 302 Found"
HTTP Request: GET https://huggingface.co/api/models/pyannote/wespeaker-voxceleb-resnet34-LM/xet-read-token/837717ddb9ff5507820346191109dc79c958d614 "HTTP/1.1 200 OK"
Running diarization on E:\speechdub\media\jobs\4bd09310-85d0-47db-99d5-ea800d41fb94\4bd09310-85d0-47db-99d5-ea800d41fb94_processed.wav, max_speakers=4
Pyannote diarization failed: 'DiarizeOutput' object has no attribute 'itertracks'. Using fallback.
Using energy-based fallback diarization...
[4bd09310-85d0-47db-99d5-ea800d41fb94] Detected 1 speaker(s), 1 segments
[4bd09310-85d0-47db-99d5-ea800d41fb94] Job updated: {'num_speakers': 1, 'progress': 35, 'status_message': 'Detected 1 speaker(s), 1 segments. Transcribing...'}
[4bd09310-85d0-47db-99d5-ea800d41fb94] Job updated: {'status': 'transcribing', 'progress': 40, 'status_message': 'Transcribing speech with Whisper...'}
Loading Whisper model: medium
Whisper model loaded successfully
Detected language: en (confidence: 1.00)
[4bd09310-85d0-47db-99d5-ea800d41fb94] Overall audio language: en
[4bd09310-85d0-47db-99d5-ea800d41fb94] Transcribing segment 1/1: SPEAKER_00 [0.0s - 30.0s]
Transcribed: 'Jane? Mark? Hi, it's been ages since I last saw you. How are...' lang=en conf=0.83
[4bd09310-85d0-47db-99d5-ea800d41fb94] Transcription complete: 1 segments
[4bd09310-85d0-47db-99d5-ea800d41fb94] Job updated: {'progress': 55, 'status_message': 'Transcription done. Normalizing Tamil text...'}
[4bd09310-85d0-47db-99d5-ea800d41fb94] Job updated: {'progress': 60, 'status_message': 'Normalization done. Translating to English...'}
[4bd09310-85d0-47db-99d5-ea800d41fb94] Job updated: {'status': 'translating', 'progress': 62, 'status_message': 'Translating Tamil -> English...'}
[4bd09310-85d0-47db-99d5-ea800d41fb94] Job updated: {'progress': 70, 'status_message': 'Translation done. Profiling speakers...'}
[4bd09310-85d0-47db-99d5-ea800d41fb94] Profiling speaker: SPEAKER_00
  Segment pitch: 187.1 Hz (duration=30.0s)
Speaker SPEAKER_00 pitches: [187.1]
Speaker SPEAKER_00 median pitch: 187.1 Hz
Speaker SPEAKER_00: gender=female, pitch=187.1Hz, duration=30.0s
[4bd09310-85d0-47db-99d5-ea800d41fb94] Job updated: {'progress': 75, 'status_message': 'Profiles ready. Synthesizing English speech...'}
[4bd09310-85d0-47db-99d5-ea800d41fb94] Job updated: {'status': 'synthesizing', 'progress': 78, 'status_message': 'Generating dubbed English speech...'}
[4bd09310-85d0-47db-99d5-ea800d41fb94] Synthesizing segment 1/1: SPEAKER_00 - 'Jane? Mark? Hi, it's been ages since I l...'
Loading Coqui TTS model: tts_models/en/vctk/vits
Coqui TTS loaded: tts_models/en/vctk/vits
[4bd09310-85d0-47db-99d5-ea800d41fb94] Job updated: {'progress': 90, 'status_message': 'Speech synthesis done. Stitching audio...'}
[4bd09310-85d0-47db-99d5-ea800d41fb94] Stitching 1 audio segments...
Saved combined audio: E:\speechdub\media\jobs\4bd09310-85d0-47db-99d5-ea800d41fb94\4bd09310-85d0-47db-99d5-ea800d41fb94_dubbed.wav (32.9s)
[4bd09310-85d0-47db-99d5-ea800d41fb94] Stitching done: 1/1 valid segments, total duration: 32.9s
[4bd09310-85d0-47db-99d5-ea800d41fb94] Job updated: {'progress': 95, 'status_message': 'Audio ready. Building transcript...'}
[4bd09310-85d0-47db-99d5-ea800d41fb94] ========== PIPELINE COMPLETE ==========
[4bd09310-85d0-47db-99d5-ea800d41fb94] Speakers: 1, Segments: 1
Not Found: /favicon.ico
E:\speechdub\diarization\diarizer.py changed, reloading.
Watching for file changes with StatReloader
Watching for file changes with StatReloader
Not Found: /favicon.ico
[0f9da2b4-c845-465f-9c42-cf8108fd45fc] ========== PIPELINE START ==========
[0f9da2b4-c845-465f-9c42-cf8108fd45fc] Job updated: {'status': 'preprocessing', 'progress': 5, 'status_message': 'Preprocessing audio (convert, denoise, normalize)...'}
[0f9da2b4-c845-465f-9c42-cf8108fd45fc] Starting preprocessing: E:\speechdub\media\uploads\Catching_Up_With_Friends_Audio_2_NWNJODs.mp3
Converted E:\speechdub\media\uploads\Catching_Up_With_Friends_Audio_2_NWNJODs.mp3 -> E:\speechdub\media\jobs\0f9da2b4-c845-465f-9c42-cf8108fd45fc\0f9da2b4-c845-465f-9c42-cf8108fd45fc_raw.wav
[0f9da2b4-c845-465f-9c42-cf8108fd45fc] Duration: 31.0s
[0f9da2b4-c845-465f-9c42-cf8108fd45fc] Loaded 495793 samples at 16000Hz
[0f9da2b4-c845-465f-9c42-cf8108fd45fc] Noise reduction done
[0f9da2b4-c845-465f-9c42-cf8108fd45fc] Normalization done
[0f9da2b4-c845-465f-9c42-cf8108fd45fc] Saved processed WAV: E:\speechdub\media\jobs\0f9da2b4-c845-465f-9c42-cf8108fd45fc\0f9da2b4-c845-465f-9c42-cf8108fd45fc_processed.wav
[0f9da2b4-c845-465f-9c42-cf8108fd45fc] Preprocessing done. Duration=31.0s
[0f9da2b4-c845-465f-9c42-cf8108fd45fc] Job updated: {'processed_wav': 'jobs\\0f9da2b4-c845-465f-9c42-cf8108fd45fc\\0f9da2b4-c845-465f-9c42-cf8108fd45fc_processed.wav', 'progress': 15, 'status_message': 'Audio ready (31.0s). Running speaker diarization...'}
[0f9da2b4-c845-465f-9c42-cf8108fd45fc] Job updated: {'status': 'diarizing', 'progress': 20, 'status_message': 'Detecting speakers (this may take 1-2 min)...'}
[0f9da2b4-c845-465f-9c42-cf8108fd45fc] Starting diarization: E:\speechdub\media\jobs\0f9da2b4-c845-465f-9c42-cf8108fd45fc\0f9da2b4-c845-465f-9c42-cf8108fd45fc_processed.wav
Loading pyannote pipeline...
HTTP Request: HEAD https://huggingface.co/pyannote/speaker-diarization-3.1/resolve/main/config.yaml "HTTP/1.1 200 OK"
HTTP Request: HEAD https://huggingface.co/pyannote/segmentation-3.0/resolve/main/pytorch_model.bin "HTTP/1.1 302 Found"
HTTP Request: HEAD https://huggingface.co/pyannote/speaker-diarization-community-1/resolve/main/plda/xvec_transform.npz "HTTP/1.1 302 Found"
HTTP Request: HEAD https://huggingface.co/pyannote/speaker-diarization-community-1/resolve/main/plda/plda.npz "HTTP/1.1 302 Found"
HTTP Request: HEAD https://huggingface.co/pyannote/wespeaker-voxceleb-resnet34-LM/resolve/main/pytorch_model.bin "HTTP/1.1 302 Found"
Running diarization on E:\speechdub\media\jobs\0f9da2b4-c845-465f-9c42-cf8108fd45fc\0f9da2b4-c845-465f-9c42-cf8108fd45fc_processed.wav, max_speakers=4
Pyannote diarization failed: 'DiarizeOutput' object has no attribute 'itertracks'. Using fallback.
Using energy-based fallback diarization...
[0f9da2b4-c845-465f-9c42-cf8108fd45fc] Detected 1 speaker(s), 1 segments
[0f9da2b4-c845-465f-9c42-cf8108fd45fc] Job updated: {'num_speakers': 1, 'progress': 35, 'status_message': 'Detected 1 speaker(s), 1 segments. Transcribing...'}
[0f9da2b4-c845-465f-9c42-cf8108fd45fc] Job updated: {'status': 'transcribing', 'progress': 40, 'status_message': 'Transcribing speech with Whisper...'}
Loading Whisper model: medium
Whisper model loaded successfully
Detected language: en (confidence: 1.00)
[0f9da2b4-c845-465f-9c42-cf8108fd45fc] Overall audio language: en
[0f9da2b4-c845-465f-9c42-cf8108fd45fc] Transcribing segment 1/1: SPEAKER_00 [0.0s - 30.0s]
Transcribed: 'Jane? Mark? Hi, it's been ages since I last saw you. How are...' lang=en conf=0.83
[0f9da2b4-c845-465f-9c42-cf8108fd45fc] Transcription complete: 1 segments
[0f9da2b4-c845-465f-9c42-cf8108fd45fc] Job updated: {'progress': 55, 'status_message': 'Transcription done. Normalizing Tamil text...'}
[0f9da2b4-c845-465f-9c42-cf8108fd45fc] Job updated: {'progress': 60, 'status_message': 'Normalization done. Translating to English...'}
[0f9da2b4-c845-465f-9c42-cf8108fd45fc] Job updated: {'status': 'translating', 'progress': 62, 'status_message': 'Translating Tamil -> English...'}
[0f9da2b4-c845-465f-9c42-cf8108fd45fc] Job updated: {'progress': 70, 'status_message': 'Translation done. Profiling speakers...'}
[0f9da2b4-c845-465f-9c42-cf8108fd45fc] Profiling speaker: SPEAKER_00
  Segment pitch: 187.1 Hz (duration=30.0s)
Speaker SPEAKER_00 pitches: [187.1]
Speaker SPEAKER_00 median pitch: 187.1 Hz
Speaker SPEAKER_00: gender=female, pitch=187.1Hz, duration=30.0s
[0f9da2b4-c845-465f-9c42-cf8108fd45fc] Job updated: {'progress': 75, 'status_message': 'Profiles ready. Synthesizing English speech...'}
[0f9da2b4-c845-465f-9c42-cf8108fd45fc] Job updated: {'status': 'synthesizing', 'progress': 78, 'status_message': 'Generating dubbed English speech...'}
[0f9da2b4-c845-465f-9c42-cf8108fd45fc] Synthesizing segment 1/1: SPEAKER_00 - 'Jane? Mark? Hi, it's been ages since I l...'
Loading Coqui TTS model: tts_models/en/vctk/vits
Coqui TTS loaded: tts_models/en/vctk/vits
Coqui TTS: synthesized 'Jane? Mark? Hi, it's been ages since I l...' -> E:\speechdub\media\jobs\0f9da2b4-c845-465f-9c42-cf8108fd45fc\tts_segments\0f9da2b4-c845-465f-9c42-cf8108fd45fc_tts_0000.wav
[0f9da2b4-c845-465f-9c42-cf8108fd45fc] Job updated: {'progress': 90, 'status_message': 'Speech synthesis done. Stitching audio...'}
[0f9da2b4-c845-465f-9c42-cf8108fd45fc] Stitching 1 audio segments...
Saved combined audio: E:\speechdub\media\jobs\0f9da2b4-c845-465f-9c42-cf8108fd45fc\0f9da2b4-c845-465f-9c42-cf8108fd45fc_dubbed.wav (33.2s)
[0f9da2b4-c845-465f-9c42-cf8108fd45fc] Stitching done: 1/1 valid segments, total duration: 33.2s
[0f9da2b4-c845-465f-9c42-cf8108fd45fc] Job updated: {'progress': 95, 'status_message': 'Audio ready. Building transcript...'}
[0f9da2b4-c845-465f-9c42-cf8108fd45fc] ========== PIPELINE COMPLETE ==========
[0f9da2b4-c845-465f-9c42-cf8108fd45fc] Speakers: 1, Segments: 1
E:\speechdub\diarization\diarizer.py changed, reloading.
Watching for file changes with StatReloader
Watching for file changes with StatReloader
Not Found: /favicon.ico
[87cd1fa2-ad96-4688-9f5d-e2ae98c9078e] ========== PIPELINE START ==========
[87cd1fa2-ad96-4688-9f5d-e2ae98c9078e] Job updated: {'status': 'preprocessing', 'progress': 5, 'status_message': 'Preprocessing audio (convert, denoise, normalize)...'}
[87cd1fa2-ad96-4688-9f5d-e2ae98c9078e] Starting preprocessing: E:\speechdub\media\uploads\Catching_Up_With_Friends_Audio_2_qPhITop.mp3
Converted E:\speechdub\media\uploads\Catching_Up_With_Friends_Audio_2_qPhITop.mp3 -> E:\speechdub\media\jobs\87cd1fa2-ad96-4688-9f5d-e2ae98c9078e\87cd1fa2-ad96-4688-9f5d-e2ae98c9078e_raw.wav
[87cd1fa2-ad96-4688-9f5d-e2ae98c9078e] Duration: 31.0s
[87cd1fa2-ad96-4688-9f5d-e2ae98c9078e] Loaded 495793 samples at 16000Hz
[87cd1fa2-ad96-4688-9f5d-e2ae98c9078e] Noise reduction done
[87cd1fa2-ad96-4688-9f5d-e2ae98c9078e] Normalization done
[87cd1fa2-ad96-4688-9f5d-e2ae98c9078e] Saved processed WAV: E:\speechdub\media\jobs\87cd1fa2-ad96-4688-9f5d-e2ae98c9078e\87cd1fa2-ad96-4688-9f5d-e2ae98c9078e_processed.wav
[87cd1fa2-ad96-4688-9f5d-e2ae98c9078e] Preprocessing done. Duration=31.0s
[87cd1fa2-ad96-4688-9f5d-e2ae98c9078e] Job updated: {'processed_wav': 'jobs\\87cd1fa2-ad96-4688-9f5d-e2ae98c9078e\\87cd1fa2-ad96-4688-9f5d-e2ae98c9078e_processed.wav', 'progress': 15, 'status_message': 'Audio ready (31.0s). Running speaker diarization...'}
[87cd1fa2-ad96-4688-9f5d-e2ae98c9078e] Job updated: {'status': 'diarizing', 'progress': 20, 'status_message': 'Detecting speakers (this may take 1-2 min)...'}
[87cd1fa2-ad96-4688-9f5d-e2ae98c9078e] Starting diarization: E:\speechdub\media\jobs\87cd1fa2-ad96-4688-9f5d-e2ae98c9078e\87cd1fa2-ad96-4688-9f5d-e2ae98c9078e_processed.wav
Loading pyannote pipeline...
HTTP Request: HEAD https://huggingface.co/pyannote/speaker-diarization-3.1/resolve/main/config.yaml "HTTP/1.1 200 OK"
HTTP Request: HEAD https://huggingface.co/pyannote/segmentation-3.0/resolve/main/pytorch_model.bin "HTTP/1.1 302 Found"
HTTP Request: HEAD https://huggingface.co/pyannote/speaker-diarization-community-1/resolve/main/plda/xvec_transform.npz "HTTP/1.1 302 Found"
HTTP Request: HEAD https://huggingface.co/pyannote/speaker-diarization-community-1/resolve/main/plda/plda.npz "HTTP/1.1 302 Found"
HTTP Request: HEAD https://huggingface.co/pyannote/wespeaker-voxceleb-resnet34-LM/resolve/main/pytorch_model.bin "HTTP/1.1 302 Found"
Running diarization on E:\speechdub\media\jobs\87cd1fa2-ad96-4688-9f5d-e2ae98c9078e\87cd1fa2-ad96-4688-9f5d-e2ae98c9078e_processed.wav, max_speakers=4
Pyannote diarization failed: 'DiarizeOutput' object is not iterable. Using fallback.
Using energy-based fallback diarization...
[87cd1fa2-ad96-4688-9f5d-e2ae98c9078e] Detected 1 speaker(s), 1 segments
[87cd1fa2-ad96-4688-9f5d-e2ae98c9078e] Job updated: {'num_speakers': 1, 'progress': 35, 'status_message': 'Detected 1 speaker(s), 1 segments. Transcribing...'}
[87cd1fa2-ad96-4688-9f5d-e2ae98c9078e] Job updated: {'status': 'transcribing', 'progress': 40, 'status_message': 'Transcribing speech with Whisper...'}
Loading Whisper model: medium
Whisper model loaded successfully
Detected language: en (confidence: 1.00)
[87cd1fa2-ad96-4688-9f5d-e2ae98c9078e] Overall audio language: en
[87cd1fa2-ad96-4688-9f5d-e2ae98c9078e] Transcribing segment 1/1: SPEAKER_00 [0.0s - 30.0s]
Transcribed: 'Jane? Mark? Hi, it's been ages since I last saw you. How are...' lang=en conf=0.83
[87cd1fa2-ad96-4688-9f5d-e2ae98c9078e] Transcription complete: 1 segments
[87cd1fa2-ad96-4688-9f5d-e2ae98c9078e] Job updated: {'progress': 55, 'status_message': 'Transcription done. Normalizing Tamil text...'}
[87cd1fa2-ad96-4688-9f5d-e2ae98c9078e] Job updated: {'progress': 60, 'status_message': 'Normalization done. Translating to English...'}
[87cd1fa2-ad96-4688-9f5d-e2ae98c9078e] Job updated: {'status': 'translating', 'progress': 62, 'status_message': 'Translating Tamil -> English...'}
[87cd1fa2-ad96-4688-9f5d-e2ae98c9078e] Job updated: {'progress': 70, 'status_message': 'Translation done. Profiling speakers...'}
[87cd1fa2-ad96-4688-9f5d-e2ae98c9078e] Profiling speaker: SPEAKER_00
  Segment pitch: 187.1 Hz (duration=30.0s)
Speaker SPEAKER_00 pitches: [187.1]
Speaker SPEAKER_00 median pitch: 187.1 Hz
Speaker SPEAKER_00: gender=female, pitch=187.1Hz, duration=30.0s
[87cd1fa2-ad96-4688-9f5d-e2ae98c9078e] Job updated: {'progress': 75, 'status_message': 'Profiles ready. Synthesizing English speech...'}
[87cd1fa2-ad96-4688-9f5d-e2ae98c9078e] Job updated: {'status': 'synthesizing', 'progress': 78, 'status_message': 'Generating dubbed English speech...'}
[87cd1fa2-ad96-4688-9f5d-e2ae98c9078e] Synthesizing segment 1/1: SPEAKER_00 - 'Jane? Mark? Hi, it's been ages since I l...'
Loading Coqui TTS model: tts_models/en/vctk/vits
Coqui TTS loaded: tts_models/en/vctk/vits
Coqui TTS: synthesized 'Jane? Mark? Hi, it's been ages since I l...' -> E:\speechdub\media\jobs\87cd1fa2-ad96-4688-9f5d-e2ae98c9078e\tts_segments\87cd1fa2-ad96-4688-9f5d-e2ae98c9078e_tts_0000.wav
[87cd1fa2-ad96-4688-9f5d-e2ae98c9078e] Job updated: {'progress': 90, 'status_message': 'Speech synthesis done. Stitching audio...'}
[87cd1fa2-ad96-4688-9f5d-e2ae98c9078e] Stitching 1 audio segments...
Saved combined audio: E:\speechdub\media\jobs\87cd1fa2-ad96-4688-9f5d-e2ae98c9078e\87cd1fa2-ad96-4688-9f5d-e2ae98c9078e_dubbed.wav (33.5s)
[87cd1fa2-ad96-4688-9f5d-e2ae98c9078e] Stitching done: 1/1 valid segments, total duration: 33.5s
[87cd1fa2-ad96-4688-9f5d-e2ae98c9078e] Job updated: {'progress': 95, 'status_message': 'Audio ready. Building transcript...'}
[87cd1fa2-ad96-4688-9f5d-e2ae98c9078e] ========== PIPELINE COMPLETE ==========
[87cd1fa2-ad96-4688-9f5d-e2ae98c9078e] Speakers: 1, Segments: 1
E:\speechdub\diarization\diarizer.py changed, reloading.
Watching for file changes with StatReloader
Not Found: /favicon.ico
[3e18aba3-32a3-46d4-b565-26eb2bf5cf3b] ========== PIPELINE START ==========
[3e18aba3-32a3-46d4-b565-26eb2bf5cf3b] Job updated: {'status': 'preprocessing', 'progress': 5, 'status_message': 'Preprocessing audio (convert, denoise, normalize)...'}
[3e18aba3-32a3-46d4-b565-26eb2bf5cf3b] Starting preprocessing: E:\speechdub\media\uploads\Catching_Up_With_Friends_Audio_2_B7c8SKE.mp3
Converted E:\speechdub\media\uploads\Catching_Up_With_Friends_Audio_2_B7c8SKE.mp3 -> E:\speechdub\media\jobs\3e18aba3-32a3-46d4-b565-26eb2bf5cf3b\3e18aba3-32a3-46d4-b565-26eb2bf5cf3b_raw.wav
[3e18aba3-32a3-46d4-b565-26eb2bf5cf3b] Duration: 31.0s
[3e18aba3-32a3-46d4-b565-26eb2bf5cf3b] Loaded 495793 samples at 16000Hz
[3e18aba3-32a3-46d4-b565-26eb2bf5cf3b] Noise reduction done
[3e18aba3-32a3-46d4-b565-26eb2bf5cf3b] Normalization done
[3e18aba3-32a3-46d4-b565-26eb2bf5cf3b] Saved processed WAV: E:\speechdub\media\jobs\3e18aba3-32a3-46d4-b565-26eb2bf5cf3b\3e18aba3-32a3-46d4-b565-26eb2bf5cf3b_processed.wav
[3e18aba3-32a3-46d4-b565-26eb2bf5cf3b] Preprocessing done. Duration=31.0s
[3e18aba3-32a3-46d4-b565-26eb2bf5cf3b] Job updated: {'processed_wav': 'jobs\\3e18aba3-32a3-46d4-b565-26eb2bf5cf3b\\3e18aba3-32a3-46d4-b565-26eb2bf5cf3b_processed.wav', 'progress': 15, 'status_message': 'Audio ready (31.0s). Running speaker diarization...'}
[3e18aba3-32a3-46d4-b565-26eb2bf5cf3b] Job updated: {'status': 'diarizing', 'progress': 20, 'status_message': 'Detecting speakers (this may take 1-2 min)...'}
[3e18aba3-32a3-46d4-b565-26eb2bf5cf3b] Starting diarization: E:\speechdub\media\jobs\3e18aba3-32a3-46d4-b565-26eb2bf5cf3b\3e18aba3-32a3-46d4-b565-26eb2bf5cf3b_processed.wav
Loading pyannote pipeline...
HTTP Request: HEAD https://huggingface.co/pyannote/speaker-diarization-3.1/resolve/main/config.yaml "HTTP/1.1 200 OK"
HTTP Request: HEAD https://huggingface.co/pyannote/segmentation-3.0/resolve/main/pytorch_model.bin "HTTP/1.1 302 Found"
HTTP Request: HEAD https://huggingface.co/pyannote/speaker-diarization-community-1/resolve/main/plda/xvec_transform.npz "HTTP/1.1 302 Found"
HTTP Request: HEAD https://huggingface.co/pyannote/speaker-diarization-community-1/resolve/main/plda/plda.npz "HTTP/1.1 302 Found"
HTTP Request: HEAD https://huggingface.co/pyannote/wespeaker-voxceleb-resnet34-LM/resolve/main/pytorch_model.bin "HTTP/1.1 302 Found"
Running diarization on E:\speechdub\media\jobs\3e18aba3-32a3-46d4-b565-26eb2bf5cf3b\3e18aba3-32a3-46d4-b565-26eb2bf5cf3b_processed.wav, max_speakers=4
Diarization done: 16 segments
[3e18aba3-32a3-46d4-b565-26eb2bf5cf3b] Detected 2 speaker(s), 8 segments
[3e18aba3-32a3-46d4-b565-26eb2bf5cf3b] Job updated: {'num_speakers': 2, 'progress': 35, 'status_message': 'Detected 2 speaker(s), 8 segments. Transcribing...'}
[3e18aba3-32a3-46d4-b565-26eb2bf5cf3b] Job updated: {'status': 'transcribing', 'progress': 40, 'status_message': 'Transcribing speech with Whisper...'}
Loading Whisper model: medium
Whisper model loaded successfully
Detected language: en (confidence: 1.00)
[3e18aba3-32a3-46d4-b565-26eb2bf5cf3b] Overall audio language: en
[3e18aba3-32a3-46d4-b565-26eb2bf5cf3b] Transcribing segment 1/8: SPEAKER_00 [3.0s - 8.3s]
Transcribed: 'Hi, it's been ages since I last saw you. How are you and Jac...' lang=en conf=0.79
[3e18aba3-32a3-46d4-b565-26eb2bf5cf3b] Transcribing segment 2/8: SPEAKER_01 [8.5s - 9.6s]
Transcribed: 'Yeah, good thanks....' lang=en conf=0.60
[3e18aba3-32a3-46d4-b565-26eb2bf5cf3b] Transcribing segment 3/8: SPEAKER_00 [10.0s - 12.4s]
Transcribed: 'And your new baby, George, isn't it?...' lang=en conf=0.76
[3e18aba3-32a3-46d4-b565-26eb2bf5cf3b] Transcribing segment 4/8: SPEAKER_01 [13.1s - 18.4s]
Transcribed: 'You've got a good memory. Yes, he's two now. What about you?...' lang=en conf=0.78
[3e18aba3-32a3-46d4-b565-26eb2bf5cf3b] Transcribing segment 5/8: SPEAKER_00 [18.9s - 22.6s]
Transcribed: 'Yes for the time being, but we're moving in a couple of mont...' lang=en conf=0.80
[3e18aba3-32a3-46d4-b565-26eb2bf5cf3b] Transcribing segment 6/8: SPEAKER_00 [23.2s - 25.3s]
Transcribed: 'Anyhow, I'd better go. I'm late for work....' lang=en conf=0.79
[3e18aba3-32a3-46d4-b565-26eb2bf5cf3b] Transcribing segment 7/8: SPEAKER_00 [25.8s - 27.3s]
Transcribed: 'Lovely to see you again!...' lang=en conf=0.68
[3e18aba3-32a3-46d4-b565-26eb2bf5cf3b] Transcribing segment 8/8: SPEAKER_01 [27.8s - 29.8s]
Transcribed: 'Yeah, likewise. Keep in touch....' lang=en conf=0.74
[3e18aba3-32a3-46d4-b565-26eb2bf5cf3b] Transcription complete: 8 segments
[3e18aba3-32a3-46d4-b565-26eb2bf5cf3b] Job updated: {'progress': 55, 'status_message': 'Transcription done. Normalizing Tamil text...'}
[3e18aba3-32a3-46d4-b565-26eb2bf5cf3b] Job updated: {'progress': 60, 'status_message': 'Normalization done. Translating to English...'}
[3e18aba3-32a3-46d4-b565-26eb2bf5cf3b] Job updated: {'status': 'translating', 'progress': 62, 'status_message': 'Translating Tamil -> English...'}
[3e18aba3-32a3-46d4-b565-26eb2bf5cf3b] Job updated: {'progress': 70, 'status_message': 'Translation done. Profiling speakers...'}
[3e18aba3-32a3-46d4-b565-26eb2bf5cf3b] Profiling speaker: SPEAKER_00
  Segment pitch: 235.3 Hz (duration=5.4s)
  Segment pitch: 271.2 Hz (duration=2.3s)
  Segment pitch: 222.2 Hz (duration=3.6s)
  Segment pitch: 254.0 Hz (duration=2.1s)
  Segment pitch: 213.3 Hz (duration=1.4s)
Speaker SPEAKER_00 pitches: [235.3, 271.2, 222.2, 254.0, 213.3]
Speaker SPEAKER_00 median pitch: 235.3 Hz
Speaker SPEAKER_00: gender=female, pitch=235.3Hz, duration=14.9s
[3e18aba3-32a3-46d4-b565-26eb2bf5cf3b] Profiling speaker: SPEAKER_01
  Segment pitch: 165.8 Hz (duration=1.1s)
  Segment pitch: 161.6 Hz (duration=5.2s)
  Segment pitch: 177.8 Hz (duration=2.0s)
Speaker SPEAKER_01 pitches: [165.8, 161.6, 177.8]
Speaker SPEAKER_01 median pitch: 165.8 Hz
Speaker SPEAKER_01: gender=female, pitch=165.8Hz, duration=8.4s
[3e18aba3-32a3-46d4-b565-26eb2bf5cf3b] Job updated: {'progress': 75, 'status_message': 'Profiles ready. Synthesizing English speech...'}
[3e18aba3-32a3-46d4-b565-26eb2bf5cf3b] Job updated: {'status': 'synthesizing', 'progress': 78, 'status_message': 'Generating dubbed English speech...'}
[3e18aba3-32a3-46d4-b565-26eb2bf5cf3b] Synthesizing segment 1/8: SPEAKER_00 - 'Hi, it's been ages since I last saw you....'
Loading Coqui TTS model: tts_models/en/vctk/vits
Coqui TTS loaded: tts_models/en/vctk/vits
Coqui TTS: synthesized 'Hi, it's been ages since I last saw you....' -> E:\speechdub\media\jobs\3e18aba3-32a3-46d4-b565-26eb2bf5cf3b\tts_segments\3e18aba3-32a3-46d4-b565-26eb2bf5cf3b_tts_0000.wav
[3e18aba3-32a3-46d4-b565-26eb2bf5cf3b] Synthesizing segment 2/8: SPEAKER_01 - 'Yeah, good thanks....'
Coqui TTS: synthesized 'Yeah, good thanks....' -> E:\speechdub\media\jobs\3e18aba3-32a3-46d4-b565-26eb2bf5cf3b\tts_segments\3e18aba3-32a3-46d4-b565-26eb2bf5cf3b_tts_0001.wav
[3e18aba3-32a3-46d4-b565-26eb2bf5cf3b] Synthesizing segment 3/8: SPEAKER_00 - 'And your new baby, George, isn't it?...'
Coqui TTS: synthesized 'And your new baby, George, isn't it?...' -> E:\speechdub\media\jobs\3e18aba3-32a3-46d4-b565-26eb2bf5cf3b\tts_segments\3e18aba3-32a3-46d4-b565-26eb2bf5cf3b_tts_0002.wav
[3e18aba3-32a3-46d4-b565-26eb2bf5cf3b] Synthesizing segment 4/8: SPEAKER_01 - 'You've got a good memory. Yes, he's two ...'
Coqui TTS: synthesized 'You've got a good memory. Yes, he's two ...' -> E:\speechdub\media\jobs\3e18aba3-32a3-46d4-b565-26eb2bf5cf3b\tts_segments\3e18aba3-32a3-46d4-b565-26eb2bf5cf3b_tts_0003.wav
[3e18aba3-32a3-46d4-b565-26eb2bf5cf3b] Synthesizing segment 5/8: SPEAKER_00 - 'Yes for the time being, but we're moving...'
Coqui TTS: synthesized 'Yes for the time being, but we're moving...' -> E:\speechdub\media\jobs\3e18aba3-32a3-46d4-b565-26eb2bf5cf3b\tts_segments\3e18aba3-32a3-46d4-b565-26eb2bf5cf3b_tts_0004.wav
[3e18aba3-32a3-46d4-b565-26eb2bf5cf3b] Synthesizing segment 6/8: SPEAKER_00 - 'Anyhow, I'd better go. I'm late for work...'
Coqui TTS: synthesized 'Anyhow, I'd better go. I'm late for work...' -> E:\speechdub\media\jobs\3e18aba3-32a3-46d4-b565-26eb2bf5cf3b\tts_segments\3e18aba3-32a3-46d4-b565-26eb2bf5cf3b_tts_0005.wav
[3e18aba3-32a3-46d4-b565-26eb2bf5cf3b] Synthesizing segment 7/8: SPEAKER_00 - 'Lovely to see you again!...'
Coqui TTS: synthesized 'Lovely to see you again!...' -> E:\speechdub\media\jobs\3e18aba3-32a3-46d4-b565-26eb2bf5cf3b\tts_segments\3e18aba3-32a3-46d4-b565-26eb2bf5cf3b_tts_0006.wav
[3e18aba3-32a3-46d4-b565-26eb2bf5cf3b] Synthesizing segment 8/8: SPEAKER_01 - 'Yeah, likewise. Keep in touch....'
Coqui TTS: synthesized 'Yeah, likewise. Keep in touch....' -> E:\speechdub\media\jobs\3e18aba3-32a3-46d4-b565-26eb2bf5cf3b\tts_segments\3e18aba3-32a3-46d4-b565-26eb2bf5cf3b_tts_0007.wav
[3e18aba3-32a3-46d4-b565-26eb2bf5cf3b] Job updated: {'progress': 90, 'status_message': 'Speech synthesis done. Stitching audio...'}
[3e18aba3-32a3-46d4-b565-26eb2bf5cf3b] Stitching 8 audio segments...
Saved combined audio: E:\speechdub\media\jobs\3e18aba3-32a3-46d4-b565-26eb2bf5cf3b\3e18aba3-32a3-46d4-b565-26eb2bf5cf3b_dubbed.wav (31.1s)
[3e18aba3-32a3-46d4-b565-26eb2bf5cf3b] Stitching done: 8/8 valid segments, total duration: 31.1s
[3e18aba3-32a3-46d4-b565-26eb2bf5cf3b] Job updated: {'progress': 95, 'status_message': 'Audio ready. Building transcript...'}
[3e18aba3-32a3-46d4-b565-26eb2bf5cf3b] ========== PIPELINE COMPLETE ==========
[3e18aba3-32a3-46d4-b565-26eb2bf5cf3b] Speakers: 2, Segments: 8
E:\speechdub\diarization\speaker_profiler.py changed, reloading.
Watching for file changes with StatReloader
[6451f89f-62c1-48fd-b166-94c049693e29] ========== PIPELINE START ==========
[6451f89f-62c1-48fd-b166-94c049693e29] Job updated: {'status': 'preprocessing', 'progress': 5, 'status_message': 'Preprocessing audio (convert, denoise, normalize)...'}
[6451f89f-62c1-48fd-b166-94c049693e29] Starting preprocessing: E:\speechdub\media\uploads\Catching_Up_With_Friends_Audio_2_wdzN1nS.mp3
Converted E:\speechdub\media\uploads\Catching_Up_With_Friends_Audio_2_wdzN1nS.mp3 -> E:\speechdub\media\jobs\6451f89f-62c1-48fd-b166-94c049693e29\6451f89f-62c1-48fd-b166-94c049693e29_raw.wav
[6451f89f-62c1-48fd-b166-94c049693e29] Duration: 31.0s
[6451f89f-62c1-48fd-b166-94c049693e29] Loaded 495793 samples at 16000Hz
[6451f89f-62c1-48fd-b166-94c049693e29] Noise reduction done
[6451f89f-62c1-48fd-b166-94c049693e29] Normalization done
[6451f89f-62c1-48fd-b166-94c049693e29] Saved processed WAV: E:\speechdub\media\jobs\6451f89f-62c1-48fd-b166-94c049693e29\6451f89f-62c1-48fd-b166-94c049693e29_processed.wav
[6451f89f-62c1-48fd-b166-94c049693e29] Preprocessing done. Duration=31.0s
[6451f89f-62c1-48fd-b166-94c049693e29] Job updated: {'processed_wav': 'jobs\\6451f89f-62c1-48fd-b166-94c049693e29\\6451f89f-62c1-48fd-b166-94c049693e29_processed.wav', 'progress': 15, 'status_message': 'Audio ready (31.0s). Running speaker diarization...'}
[6451f89f-62c1-48fd-b166-94c049693e29] Job updated: {'status': 'diarizing', 'progress': 20, 'status_message': 'Detecting speakers (this may take 1-2 min)...'}
[6451f89f-62c1-48fd-b166-94c049693e29] Starting diarization: E:\speechdub\media\jobs\6451f89f-62c1-48fd-b166-94c049693e29\6451f89f-62c1-48fd-b166-94c049693e29_processed.wav
Loading pyannote pipeline...
HTTP Request: HEAD https://huggingface.co/pyannote/speaker-diarization-3.1/resolve/main/config.yaml "HTTP/1.1 200 OK"
HTTP Request: HEAD https://huggingface.co/pyannote/segmentation-3.0/resolve/main/pytorch_model.bin "HTTP/1.1 302 Found"
HTTP Request: HEAD https://huggingface.co/pyannote/speaker-diarization-community-1/resolve/main/plda/xvec_transform.npz "HTTP/1.1 302 Found"
HTTP Request: HEAD https://huggingface.co/pyannote/speaker-diarization-community-1/resolve/main/plda/plda.npz "HTTP/1.1 302 Found"
HTTP Request: HEAD https://huggingface.co/pyannote/wespeaker-voxceleb-resnet34-LM/resolve/main/pytorch_model.bin "HTTP/1.1 302 Found"
Running diarization on E:\speechdub\media\jobs\6451f89f-62c1-48fd-b166-94c049693e29\6451f89f-62c1-48fd-b166-94c049693e29_processed.wav, max_speakers=4
Diarization done: 16 segments
[6451f89f-62c1-48fd-b166-94c049693e29] Detected 2 speaker(s), 8 segments
[6451f89f-62c1-48fd-b166-94c049693e29] Job updated: {'num_speakers': 2, 'progress': 35, 'status_message': 'Detected 2 speaker(s), 8 segments. Transcribing...'}
[6451f89f-62c1-48fd-b166-94c049693e29] Job updated: {'status': 'transcribing', 'progress': 40, 'status_message': 'Transcribing speech with Whisper...'}
Loading Whisper model: medium
Whisper model loaded successfully
Detected language: en (confidence: 1.00)
[6451f89f-62c1-48fd-b166-94c049693e29] Overall audio language: en
[6451f89f-62c1-48fd-b166-94c049693e29] Transcribing segment 1/8: SPEAKER_00 [3.0s - 8.3s]
Transcribed: 'Hi, it's been ages since I last saw you. How are you and Jac...' lang=en conf=0.79
[6451f89f-62c1-48fd-b166-94c049693e29] Transcribing segment 2/8: SPEAKER_01 [8.5s - 9.6s]
Transcribed: 'Yeah, good thanks....' lang=en conf=0.60
[6451f89f-62c1-48fd-b166-94c049693e29] Transcribing segment 3/8: SPEAKER_00 [10.0s - 12.4s]
Transcribed: 'And your new baby, George, isn't it?...' lang=en conf=0.76
[6451f89f-62c1-48fd-b166-94c049693e29] Transcribing segment 4/8: SPEAKER_01 [13.1s - 18.4s]
Transcribed: 'You've got a good memory. Yes, he's two now. What about you?...' lang=en conf=0.78
[6451f89f-62c1-48fd-b166-94c049693e29] Transcribing segment 5/8: SPEAKER_00 [18.9s - 22.6s]
Transcribed: 'Yes for the time being, but we're moving in a couple of mont...' lang=en conf=0.80
[6451f89f-62c1-48fd-b166-94c049693e29] Transcribing segment 6/8: SPEAKER_00 [23.2s - 25.3s]
Transcribed: 'Anyhow, I'd better go. I'm late for work....' lang=en conf=0.79
[6451f89f-62c1-48fd-b166-94c049693e29] Transcribing segment 7/8: SPEAKER_00 [25.8s - 27.3s]
Transcribed: 'Lovely to see you again!...' lang=en conf=0.68
[6451f89f-62c1-48fd-b166-94c049693e29] Transcribing segment 8/8: SPEAKER_01 [27.8s - 29.8s]
Transcribed: 'Yeah, likewise. Keep in touch....' lang=en conf=0.74
[6451f89f-62c1-48fd-b166-94c049693e29] Transcription complete: 8 segments
[6451f89f-62c1-48fd-b166-94c049693e29] Job updated: {'progress': 55, 'status_message': 'Transcription done. Normalizing Tamil text...'}
[6451f89f-62c1-48fd-b166-94c049693e29] Job updated: {'progress': 60, 'status_message': 'Normalization done. Translating to English...'}
[6451f89f-62c1-48fd-b166-94c049693e29] Job updated: {'status': 'translating', 'progress': 62, 'status_message': 'Translating Tamil -> English...'}
[6451f89f-62c1-48fd-b166-94c049693e29] Job updated: {'progress': 70, 'status_message': 'Translation done. Profiling speakers...'}
[6451f89f-62c1-48fd-b166-94c049693e29] Profiling speaker: SPEAKER_00
  Segment pitch: 235.3 Hz (duration=5.4s)
  Segment pitch: 271.2 Hz (duration=2.3s)
  Segment pitch: 222.2 Hz (duration=3.6s)
  Segment pitch: 254.0 Hz (duration=2.1s)
  Segment pitch: 213.3 Hz (duration=1.4s)
Speaker SPEAKER_00 pitches: [235.3, 271.2, 222.2, 254.0, 213.3]
Speaker SPEAKER_00 median pitch: 235.3 Hz
Speaker SPEAKER_00: gender=female, pitch=235.3Hz, duration=14.9s
[6451f89f-62c1-48fd-b166-94c049693e29] Profiling speaker: SPEAKER_01
  Segment pitch: 165.8 Hz (duration=1.1s)
  Segment pitch: 161.6 Hz (duration=5.2s)
  Segment pitch: 177.8 Hz (duration=2.0s)
Speaker SPEAKER_01 pitches: [165.8, 161.6, 177.8]
Speaker SPEAKER_01 median pitch: 165.8 Hz
Speaker SPEAKER_01: gender=male, pitch=165.8Hz, duration=8.4s
[6451f89f-62c1-48fd-b166-94c049693e29] Job updated: {'progress': 75, 'status_message': 'Profiles ready. Synthesizing English speech...'}
[6451f89f-62c1-48fd-b166-94c049693e29] Job updated: {'status': 'synthesizing', 'progress': 78, 'status_message': 'Generating dubbed English speech...'}
[6451f89f-62c1-48fd-b166-94c049693e29] Synthesizing segment 1/8: SPEAKER_00 - 'Hi, it's been ages since I last saw you....'
Loading Coqui TTS model: tts_models/en/vctk/vits
Coqui TTS loaded: tts_models/en/vctk/vits
Coqui TTS: synthesized 'Hi, it's been ages since I last saw you....' -> E:\speechdub\media\jobs\6451f89f-62c1-48fd-b166-94c049693e29\tts_segments\6451f89f-62c1-48fd-b166-94c049693e29_tts_0000.wav
[6451f89f-62c1-48fd-b166-94c049693e29] Synthesizing segment 2/8: SPEAKER_01 - 'Yeah, good thanks....'
Coqui TTS: synthesized 'Yeah, good thanks....' -> E:\speechdub\media\jobs\6451f89f-62c1-48fd-b166-94c049693e29\tts_segments\6451f89f-62c1-48fd-b166-94c049693e29_tts_0001.wav
[6451f89f-62c1-48fd-b166-94c049693e29] Synthesizing segment 3/8: SPEAKER_00 - 'And your new baby, George, isn't it?...'
Coqui TTS: synthesized 'And your new baby, George, isn't it?...' -> E:\speechdub\media\jobs\6451f89f-62c1-48fd-b166-94c049693e29\tts_segments\6451f89f-62c1-48fd-b166-94c049693e29_tts_0002.wav
[6451f89f-62c1-48fd-b166-94c049693e29] Synthesizing segment 4/8: SPEAKER_01 - 'You've got a good memory. Yes, he's two ...'
Coqui TTS: synthesized 'You've got a good memory. Yes, he's two ...' -> E:\speechdub\media\jobs\6451f89f-62c1-48fd-b166-94c049693e29\tts_segments\6451f89f-62c1-48fd-b166-94c049693e29_tts_0003.wav
[6451f89f-62c1-48fd-b166-94c049693e29] Synthesizing segment 5/8: SPEAKER_00 - 'Yes for the time being, but we're moving...'
Coqui TTS: synthesized 'Yes for the time being, but we're moving...' -> E:\speechdub\media\jobs\6451f89f-62c1-48fd-b166-94c049693e29\tts_segments\6451f89f-62c1-48fd-b166-94c049693e29_tts_0004.wav
[6451f89f-62c1-48fd-b166-94c049693e29] Synthesizing segment 6/8: SPEAKER_00 - 'Anyhow, I'd better go. I'm late for work...'
Coqui TTS: synthesized 'Anyhow, I'd better go. I'm late for work...' -> E:\speechdub\media\jobs\6451f89f-62c1-48fd-b166-94c049693e29\tts_segments\6451f89f-62c1-48fd-b166-94c049693e29_tts_0005.wav
[6451f89f-62c1-48fd-b166-94c049693e29] Synthesizing segment 7/8: SPEAKER_00 - 'Lovely to see you again!...'
Coqui TTS: synthesized 'Lovely to see you again!...' -> E:\speechdub\media\jobs\6451f89f-62c1-48fd-b166-94c049693e29\tts_segments\6451f89f-62c1-48fd-b166-94c049693e29_tts_0006.wav
[6451f89f-62c1-48fd-b166-94c049693e29] Synthesizing segment 8/8: SPEAKER_01 - 'Yeah, likewise. Keep in touch....'
Coqui TTS: synthesized 'Yeah, likewise. Keep in touch....' -> E:\speechdub\media\jobs\6451f89f-62c1-48fd-b166-94c049693e29\tts_segments\6451f89f-62c1-48fd-b166-94c049693e29_tts_0007.wav
[6451f89f-62c1-48fd-b166-94c049693e29] Job updated: {'progress': 90, 'status_message': 'Speech synthesis done. Stitching audio...'}
[6451f89f-62c1-48fd-b166-94c049693e29] Stitching 8 audio segments...
Saved combined audio: E:\speechdub\media\jobs\6451f89f-62c1-48fd-b166-94c049693e29\6451f89f-62c1-48fd-b166-94c049693e29_dubbed.wav (31.4s)
[6451f89f-62c1-48fd-b166-94c049693e29] Stitching done: 8/8 valid segments, total duration: 31.4s
[6451f89f-62c1-48fd-b166-94c049693e29] Job updated: {'progress': 95, 'status_message': 'Audio ready. Building transcript...'}
[6451f89f-62c1-48fd-b166-94c049693e29] ========== PIPELINE COMPLETE ==========
[6451f89f-62c1-48fd-b166-94c049693e29] Speakers: 2, Segments: 8
[93b050b1-7c33-46c8-bd09-aa76d184996c] ========== PIPELINE START ==========
[93b050b1-7c33-46c8-bd09-aa76d184996c] Job updated: {'status': 'preprocessing', 'progress': 5, 'status_message': 'Preprocessing audio (convert, denoise, normalize)...'}
[93b050b1-7c33-46c8-bd09-aa76d184996c] Starting preprocessing: E:\speechdub\media\uploads\177553868435277553buc4scw-voicemaker_024euQ8.in-speech.mp3
Converted E:\speechdub\media\uploads\177553868435277553buc4scw-voicemaker_024euQ8.in-speech.mp3 -> E:\speechdub\media\jobs\93b050b1-7c33-46c8-bd09-aa76d184996c\93b050b1-7c33-46c8-bd09-aa76d184996c_raw.wav
[93b050b1-7c33-46c8-bd09-aa76d184996c] Duration: 2.4s
[93b050b1-7c33-46c8-bd09-aa76d184996c] Loaded 38101 samples at 16000Hz
[93b050b1-7c33-46c8-bd09-aa76d184996c] Noise reduction done
[93b050b1-7c33-46c8-bd09-aa76d184996c] Normalization done
[93b050b1-7c33-46c8-bd09-aa76d184996c] Saved processed WAV: E:\speechdub\media\jobs\93b050b1-7c33-46c8-bd09-aa76d184996c\93b050b1-7c33-46c8-bd09-aa76d184996c_processed.wav
[93b050b1-7c33-46c8-bd09-aa76d184996c] Preprocessing done. Duration=2.4s
[93b050b1-7c33-46c8-bd09-aa76d184996c] Job updated: {'processed_wav': 'jobs\\93b050b1-7c33-46c8-bd09-aa76d184996c\\93b050b1-7c33-46c8-bd09-aa76d184996c_processed.wav', 'progress': 15, 'status_message': 'Audio ready (2.4s). Running speaker diarization...'}
[93b050b1-7c33-46c8-bd09-aa76d184996c] Job updated: {'status': 'diarizing', 'progress': 20, 'status_message': 'Detecting speakers (this may take 1-2 min)...'}
[93b050b1-7c33-46c8-bd09-aa76d184996c] Starting diarization: E:\speechdub\media\jobs\93b050b1-7c33-46c8-bd09-aa76d184996c\93b050b1-7c33-46c8-bd09-aa76d184996c_processed.wav
Loading pyannote pipeline...
HTTP Request: HEAD https://huggingface.co/pyannote/speaker-diarization-3.1/resolve/main/config.yaml "HTTP/1.1 200 OK"
HTTP Request: HEAD https://huggingface.co/pyannote/segmentation-3.0/resolve/main/pytorch_model.bin "HTTP/1.1 302 Found"
HTTP Request: HEAD https://huggingface.co/pyannote/speaker-diarization-community-1/resolve/main/plda/xvec_transform.npz "HTTP/1.1 302 Found"
HTTP Request: HEAD https://huggingface.co/pyannote/speaker-diarization-community-1/resolve/main/plda/plda.npz "HTTP/1.1 302 Found"
HTTP Request: HEAD https://huggingface.co/pyannote/wespeaker-voxceleb-resnet34-LM/resolve/main/pytorch_model.bin "HTTP/1.1 302 Found"
Running diarization on E:\speechdub\media\jobs\93b050b1-7c33-46c8-bd09-aa76d184996c\93b050b1-7c33-46c8-bd09-aa76d184996c_processed.wav, max_speakers=4
Diarization done: 1 segments
[93b050b1-7c33-46c8-bd09-aa76d184996c] Detected 1 speaker(s), 1 segments
[93b050b1-7c33-46c8-bd09-aa76d184996c] Job updated: {'num_speakers': 1, 'progress': 35, 'status_message': 'Detected 1 speaker(s), 1 segments. Transcribing...'}
[93b050b1-7c33-46c8-bd09-aa76d184996c] Job updated: {'status': 'transcribing', 'progress': 40, 'status_message': 'Transcribing speech with Whisper...'}
Detected language: en (confidence: 0.86)
[93b050b1-7c33-46c8-bd09-aa76d184996c] Overall audio language: en
[93b050b1-7c33-46c8-bd09-aa76d184996c] Transcribing segment 1/1: SPEAKER_00 [0.1s - 1.8s]
[93b050b1-7c33-46c8-bd09-aa76d184996c] Transcription complete: 1 segments
[93b050b1-7c33-46c8-bd09-aa76d184996c] Job updated: {'progress': 55, 'status_message': 'Transcription done. Normalizing Tamil text...'}
[93b050b1-7c33-46c8-bd09-aa76d184996c] Job updated: {'progress': 60, 'status_message': 'Normalization done. Translating to English...'}
[93b050b1-7c33-46c8-bd09-aa76d184996c] Job updated: {'status': 'translating', 'progress': 62, 'status_message': 'Translating Tamil -> English...'}
[93b050b1-7c33-46c8-bd09-aa76d184996c] Job updated: {'progress': 70, 'status_message': 'Translation done. Profiling speakers...'}
[93b050b1-7c33-46c8-bd09-aa76d184996c] Profiling speaker: SPEAKER_00
  Segment pitch: 125.0 Hz (duration=1.7s)
Speaker SPEAKER_00 pitches: [125.0]
Speaker SPEAKER_00 median pitch: 125.0 Hz
Speaker SPEAKER_00: gender=male, pitch=125.0Hz, duration=1.7s
[93b050b1-7c33-46c8-bd09-aa76d184996c] Job updated: {'progress': 75, 'status_message': 'Profiles ready. Synthesizing English speech...'}
[93b050b1-7c33-46c8-bd09-aa76d184996c] Job updated: {'status': 'synthesizing', 'progress': 78, 'status_message': 'Generating dubbed English speech...'}
[93b050b1-7c33-46c8-bd09-aa76d184996c] Job updated: {'progress': 90, 'status_message': 'Speech synthesis done. Stitching audio...'}
[93b050b1-7c33-46c8-bd09-aa76d184996c] Stitching 1 audio segments...
Saved combined audio: E:\speechdub\media\jobs\93b050b1-7c33-46c8-bd09-aa76d184996c\93b050b1-7c33-46c8-bd09-aa76d184996c_dubbed.wav (2.4s)
[93b050b1-7c33-46c8-bd09-aa76d184996c] Stitching done: 1/1 valid segments, total duration: 2.4s
[93b050b1-7c33-46c8-bd09-aa76d184996c] Job updated: {'progress': 95, 'status_message': 'Audio ready. Building transcript...'}
[93b050b1-7c33-46c8-bd09-aa76d184996c] ========== PIPELINE COMPLETE ==========
[93b050b1-7c33-46c8-bd09-aa76d184996c] Speakers: 1, Segments: 1
E:\speechdub\asr\transcriber.py changed, reloading.
Watching for file changes with StatReloader
[9af3cae8-20e5-4c48-858e-d67d3f4fbe18] ========== PIPELINE START ==========
[9af3cae8-20e5-4c48-858e-d67d3f4fbe18] Job updated: {'status': 'preprocessing', 'progress': 5, 'status_message': 'Preprocessing audio (convert, denoise, normalize)...'}
[9af3cae8-20e5-4c48-858e-d67d3f4fbe18] Starting preprocessing: E:\speechdub\media\uploads\177553868435277553buc4scw-voicemaker_OtU8kIR.in-speech.mp3
Converted E:\speechdub\media\uploads\177553868435277553buc4scw-voicemaker_OtU8kIR.in-speech.mp3 -> E:\speechdub\media\jobs\9af3cae8-20e5-4c48-858e-d67d3f4fbe18\9af3cae8-20e5-4c48-858e-d67d3f4fbe18_raw.wav
[9af3cae8-20e5-4c48-858e-d67d3f4fbe18] Duration: 2.4s
[9af3cae8-20e5-4c48-858e-d67d3f4fbe18] Loaded 38101 samples at 16000Hz
[9af3cae8-20e5-4c48-858e-d67d3f4fbe18] Noise reduction done
[9af3cae8-20e5-4c48-858e-d67d3f4fbe18] Normalization done
[9af3cae8-20e5-4c48-858e-d67d3f4fbe18] Saved processed WAV: E:\speechdub\media\jobs\9af3cae8-20e5-4c48-858e-d67d3f4fbe18\9af3cae8-20e5-4c48-858e-d67d3f4fbe18_processed.wav
[9af3cae8-20e5-4c48-858e-d67d3f4fbe18] Preprocessing done. Duration=2.4s
[9af3cae8-20e5-4c48-858e-d67d3f4fbe18] Job updated: {'processed_wav': 'jobs\\9af3cae8-20e5-4c48-858e-d67d3f4fbe18\\9af3cae8-20e5-4c48-858e-d67d3f4fbe18_processed.wav', 'progress': 15, 'status_message': 'Audio ready (2.4s). Running speaker diarization...'}
[9af3cae8-20e5-4c48-858e-d67d3f4fbe18] Job updated: {'status': 'diarizing', 'progress': 20, 'status_message': 'Detecting speakers (this may take 1-2 min)...'}
[9af3cae8-20e5-4c48-858e-d67d3f4fbe18] Starting diarization: E:\speechdub\media\jobs\9af3cae8-20e5-4c48-858e-d67d3f4fbe18\9af3cae8-20e5-4c48-858e-d67d3f4fbe18_processed.wav
Loading pyannote pipeline...
HTTP Request: HEAD https://huggingface.co/pyannote/speaker-diarization-3.1/resolve/main/config.yaml "HTTP/1.1 200 OK"
HTTP Request: HEAD https://huggingface.co/pyannote/segmentation-3.0/resolve/main/pytorch_model.bin "HTTP/1.1 302 Found"
HTTP Request: HEAD https://huggingface.co/pyannote/speaker-diarization-community-1/resolve/main/plda/xvec_transform.npz "HTTP/1.1 302 Found"
HTTP Request: HEAD https://huggingface.co/pyannote/speaker-diarization-community-1/resolve/main/plda/plda.npz "HTTP/1.1 302 Found"
HTTP Request: HEAD https://huggingface.co/pyannote/wespeaker-voxceleb-resnet34-LM/resolve/main/pytorch_model.bin "HTTP/1.1 302 Found"
Running diarization on E:\speechdub\media\jobs\9af3cae8-20e5-4c48-858e-d67d3f4fbe18\9af3cae8-20e5-4c48-858e-d67d3f4fbe18_processed.wav, max_speakers=4
Diarization done: 1 segments
[9af3cae8-20e5-4c48-858e-d67d3f4fbe18] Detected 1 speaker(s), 1 segments
[9af3cae8-20e5-4c48-858e-d67d3f4fbe18] Job updated: {'num_speakers': 1, 'progress': 35, 'status_message': 'Detected 1 speaker(s), 1 segments. Transcribing...'}
[9af3cae8-20e5-4c48-858e-d67d3f4fbe18] Job updated: {'status': 'transcribing', 'progress': 40, 'status_message': 'Transcribing speech with Whisper...'}
Loading Whisper model: medium
Whisper model loaded successfully
Detected language: en (confidence: 0.86)
[9af3cae8-20e5-4c48-858e-d67d3f4fbe18] Overall audio language: en
[9af3cae8-20e5-4c48-858e-d67d3f4fbe18] Transcribing segment 1/1: SPEAKER_00 [0.1s - 1.8s]
Transcribed: 'N? n?la ?iku, church kapura....' lang=en conf=0.39
[9af3cae8-20e5-4c48-858e-d67d3f4fbe18] Transcription complete: 1 segments
[9af3cae8-20e5-4c48-858e-d67d3f4fbe18] Job updated: {'progress': 55, 'status_message': 'Transcription done. Normalizing Tamil text...'}
[9af3cae8-20e5-4c48-858e-d67d3f4fbe18] Job updated: {'progress': 60, 'status_message': 'Normalization done. Translating to English...'}
[9af3cae8-20e5-4c48-858e-d67d3f4fbe18] Job updated: {'status': 'translating', 'progress': 62, 'status_message': 'Translating Tamil -> English...'}
[9af3cae8-20e5-4c48-858e-d67d3f4fbe18] Job updated: {'progress': 70, 'status_message': 'Translation done. Profiling speakers...'}
[9af3cae8-20e5-4c48-858e-d67d3f4fbe18] Profiling speaker: SPEAKER_00
  Segment pitch: 125.0 Hz (duration=1.7s)
Speaker SPEAKER_00 pitches: [125.0]
Speaker SPEAKER_00 median pitch: 125.0 Hz
Speaker SPEAKER_00: gender=male, pitch=125.0Hz, duration=1.7s
[9af3cae8-20e5-4c48-858e-d67d3f4fbe18] Job updated: {'progress': 75, 'status_message': 'Profiles ready. Synthesizing English speech...'}
[9af3cae8-20e5-4c48-858e-d67d3f4fbe18] Job updated: {'status': 'synthesizing', 'progress': 78, 'status_message': 'Generating dubbed English speech...'}
[9af3cae8-20e5-4c48-858e-d67d3f4fbe18] Synthesizing segment 1/1: SPEAKER_00 - 'N? n?la ?iku, church kapura....'
Loading Coqui TTS model: tts_models/en/vctk/vits
Coqui TTS loaded: tts_models/en/vctk/vits
Coqui TTS: synthesized 'N? n?la ?iku, church kapura....' -> E:\speechdub\media\jobs\9af3cae8-20e5-4c48-858e-d67d3f4fbe18\tts_segments\9af3cae8-20e5-4c48-858e-d67d3f4fbe18_tts_0000.wav
[9af3cae8-20e5-4c48-858e-d67d3f4fbe18] Job updated: {'progress': 90, 'status_message': 'Speech synthesis done. Stitching audio...'}
[9af3cae8-20e5-4c48-858e-d67d3f4fbe18] Stitching 1 audio segments...
Saved combined audio: E:\speechdub\media\jobs\9af3cae8-20e5-4c48-858e-d67d3f4fbe18\9af3cae8-20e5-4c48-858e-d67d3f4fbe18_dubbed.wav (2.6s)
[9af3cae8-20e5-4c48-858e-d67d3f4fbe18] Stitching done: 1/1 valid segments, total duration: 2.6s
[9af3cae8-20e5-4c48-858e-d67d3f4fbe18] Job updated: {'progress': 95, 'status_message': 'Audio ready. Building transcript...'}
[9af3cae8-20e5-4c48-858e-d67d3f4fbe18] ========== PIPELINE COMPLETE ==========
[9af3cae8-20e5-4c48-858e-d67d3f4fbe18] Speakers: 1, Segments: 1
Not Found: /favicon.ico
[957d4030-433c-4e8d-8b97-e474981df9ee] ========== PIPELINE START ==========
[957d4030-433c-4e8d-8b97-e474981df9ee] Job updated: {'status': 'preprocessing', 'progress': 5, 'status_message': 'Preprocessing audio (convert, denoise, normalize)...'}
[957d4030-433c-4e8d-8b97-e474981df9ee] Starting preprocessing: E:\speechdub\media\uploads\WhatsApp_Audio_2026-03-09_at_12.34.12_PM.ogg
Converted E:\speechdub\media\uploads\WhatsApp_Audio_2026-03-09_at_12.34.12_PM.ogg -> E:\speechdub\media\jobs\957d4030-433c-4e8d-8b97-e474981df9ee\957d4030-433c-4e8d-8b97-e474981df9ee_raw.wav
[957d4030-433c-4e8d-8b97-e474981df9ee] Duration: 37.0s
[957d4030-433c-4e8d-8b97-e474981df9ee] Loaded 592285 samples at 16000Hz
[957d4030-433c-4e8d-8b97-e474981df9ee] Noise reduction done
[957d4030-433c-4e8d-8b97-e474981df9ee] Normalization done
[957d4030-433c-4e8d-8b97-e474981df9ee] Saved processed WAV: E:\speechdub\media\jobs\957d4030-433c-4e8d-8b97-e474981df9ee\957d4030-433c-4e8d-8b97-e474981df9ee_processed.wav
[957d4030-433c-4e8d-8b97-e474981df9ee] Preprocessing done. Duration=37.0s
[957d4030-433c-4e8d-8b97-e474981df9ee] Job updated: {'processed_wav': 'jobs\\957d4030-433c-4e8d-8b97-e474981df9ee\\957d4030-433c-4e8d-8b97-e474981df9ee_processed.wav', 'progress': 15, 'status_message': 'Audio ready (37.0s). Running speaker diarization...'}
[957d4030-433c-4e8d-8b97-e474981df9ee] Job updated: {'status': 'diarizing', 'progress': 20, 'status_message': 'Detecting speakers (this may take 1-2 min)...'}
[957d4030-433c-4e8d-8b97-e474981df9ee] Starting diarization: E:\speechdub\media\jobs\957d4030-433c-4e8d-8b97-e474981df9ee\957d4030-433c-4e8d-8b97-e474981df9ee_processed.wav
Loading pyannote pipeline...
HTTP Request: HEAD https://huggingface.co/pyannote/speaker-diarization-3.1/resolve/main/config.yaml "HTTP/1.1 200 OK"
HTTP Request: HEAD https://huggingface.co/pyannote/segmentation-3.0/resolve/main/pytorch_model.bin "HTTP/1.1 302 Found"
HTTP Request: HEAD https://huggingface.co/pyannote/speaker-diarization-community-1/resolve/main/plda/xvec_transform.npz "HTTP/1.1 302 Found"
HTTP Request: HEAD https://huggingface.co/pyannote/speaker-diarization-community-1/resolve/main/plda/plda.npz "HTTP/1.1 302 Found"
HTTP Request: HEAD https://huggingface.co/pyannote/wespeaker-voxceleb-resnet34-LM/resolve/main/pytorch_model.bin "HTTP/1.1 302 Found"
Running diarization on E:\speechdub\media\jobs\957d4030-433c-4e8d-8b97-e474981df9ee\957d4030-433c-4e8d-8b97-e474981df9ee_processed.wav, max_speakers=4
Diarization done: 3 segments
[957d4030-433c-4e8d-8b97-e474981df9ee] Detected 1 speaker(s), 1 segments
[957d4030-433c-4e8d-8b97-e474981df9ee] Job updated: {'num_speakers': 1, 'progress': 35, 'status_message': 'Detected 1 speaker(s), 1 segments. Transcribing...'}
[957d4030-433c-4e8d-8b97-e474981df9ee] Job updated: {'status': 'transcribing', 'progress': 40, 'status_message': 'Transcribing speech with Whisper...'}
Detected language: ta (confidence: 0.97)
[957d4030-433c-4e8d-8b97-e474981df9ee] Overall audio language: ta
[957d4030-433c-4e8d-8b97-e474981df9ee] Transcribing segment 1/1: SPEAKER_00 [1.3s - 37.0s]
Transcribed: '????????? ???????????! ????????? ???????????!...' lang=ta conf=0.57
[957d4030-433c-4e8d-8b97-e474981df9ee] Transcription complete: 1 segments
[957d4030-433c-4e8d-8b97-e474981df9ee] Job updated: {'progress': 55, 'status_message': 'Transcription done. Normalizing Tamil text...'}
[957d4030-433c-4e8d-8b97-e474981df9ee] Job updated: {'progress': 60, 'status_message': 'Normalization done. Translating to English...'}
[957d4030-433c-4e8d-8b97-e474981df9ee] Job updated: {'status': 'translating', 'progress': 62, 'status_message': 'Translating Tamil -> English...'}
Loading IndicTrans2 model: ai4bharat/indictrans2-indic-en-1B
HTTP Request: HEAD https://huggingface.co/ai4bharat/indictrans2-indic-en-1B/resolve/main/config.json "HTTP/1.1 401 Unauthorized"
HTTP Request: HEAD https://huggingface.co/ai4bharat/indictrans2-indic-en-1B/resolve/main/config.json "HTTP/1.1 401 Unauthorized"
IndicTrans2 load failed: You are trying to access a gated repo.
Make sure to have access to it at https://huggingface.co/ai4bharat/indictrans2-indic-en-1B.
401 Client Error. (Request ID: Root=1-69d4b51c-63ea07623d2b438d33682ee2;2ebfa113-4453-4700-b1ef-b670e843e77e)

Cannot access gated repo for url https://huggingface.co/ai4bharat/indictrans2-indic-en-1B/resolve/main/config.json.
Access to model ai4bharat/indictrans2-indic-en-1B is restricted. You must have access to it and be authenticated to access it. Please log in.
[957d4030-433c-4e8d-8b97-e474981df9ee] Job updated: {'progress': 70, 'status_message': 'Translation done. Profiling speakers...'}
[957d4030-433c-4e8d-8b97-e474981df9ee] Profiling speaker: SPEAKER_00
  Segment pitch: 197.5 Hz (duration=35.7s)
Speaker SPEAKER_00 pitches: [197.5]
Speaker SPEAKER_00 median pitch: 197.5 Hz
Speaker SPEAKER_00: gender=female, pitch=197.5Hz, duration=35.7s
[957d4030-433c-4e8d-8b97-e474981df9ee] Job updated: {'progress': 75, 'status_message': 'Profiles ready. Synthesizing English speech...'}
[957d4030-433c-4e8d-8b97-e474981df9ee] Job updated: {'status': 'synthesizing', 'progress': 78, 'status_message': 'Generating dubbed English speech...'}
[957d4030-433c-4e8d-8b97-e474981df9ee] Synthesizing segment 1/1: SPEAKER_00 - '????????? ???????????! ????????? ???????...'
Coqui TTS: synthesized 'This is my project. In this project, you...' -> E:\speechdub\media\jobs\957d4030-433c-4e8d-8b97-e474981df9ee\tts_segments\957d4030-433c-4e8d-8b97-e474981df9ee_tts_0000.wav
[957d4030-433c-4e8d-8b97-e474981df9ee] Job updated: {'progress': 90, 'status_message': 'Speech synthesis done. Stitching audio...'}
[957d4030-433c-4e8d-8b97-e474981df9ee] Stitching 1 audio segments...
Saved combined audio: E:\speechdub\media\jobs\957d4030-433c-4e8d-8b97-e474981df9ee\957d4030-433c-4e8d-8b97-e474981df9ee_dubbed.wav (25.0s)
[957d4030-433c-4e8d-8b97-e474981df9ee] Stitching done: 1/1 valid segments, total duration: 25.0s
[957d4030-433c-4e8d-8b97-e474981df9ee] Job updated: {'progress': 95, 'status_message': 'Audio ready. Building transcript...'}
[957d4030-433c-4e8d-8b97-e474981df9ee] ========== PIPELINE COMPLETE ==========
[957d4030-433c-4e8d-8b97-e474981df9ee] Speakers: 1, Segments: 1
Not Found: /favicon.ico
Not Found: /favicon.ico
Not Found: /favicon.ico
Not Found: /favicon.ico
Not Found: /favicon.ico
Not Found: /favicon.ico
Not Found: /favicon.ico
Not Found: /favicon.ico
Not Found: /favicon.ico
Not Found: /favicon.ico
Not Found: /favicon.ico
Not Found: /favicon.ico
Not Found: /favicon.ico
Not Found: /favicon.ico
Not Found: /favicon.ico
Not Found: /favicon.ico
Not Found: /favicon.ico
Not Found: /favicon.ico
Not Found: /favicon.ico
Not Found: /favicon.ico
Not Found: /favicon.ico
Not Found: /favicon.ico
Not Found: /favicon.ico
Not Found: /favicon.ico
Not Found: /favicon.ico
Not Found: /favicon.ico
Not Found: /favicon.ico
Not Found: /favicon.ico
Not Found: /favicon.ico
Not Found: /favicon.ico
Not Found: /favicon.ico
Not Found: /favicon.ico
Not Found: /favicon.ico
Not Found: /favicon.ico
Not Found: /favicon.ico
Not Found: /favicon.ico
Not Found: /favicon.ico
Not Found: /favicon.ico
Not Found: /favicon.ico
Not Found: /favicon.ico
Not Found: /favicon.ico
Not Found: /favicon.ico
Not Found: /favicon.ico
Not Found: /favicon.ico
Not Found: /favicon.ico
Not Found: /favicon.ico
Not Found: /favicon.ico
Not Found: /favicon.ico
Not Found: /favicon.ico
Not Found: /favicon.ico
Not Found: /favicon.ico
[f75f344e-5431-40d0-9d45-1d0da0709512] ========== PIPELINE START ==========
[f75f344e-5431-40d0-9d45-1d0da0709512] Job updated: {'status': 'preprocessing', 'progress': 5, 'status_message': 'Preprocessing audio (convert, denoise, normalize)...'}
[f75f344e-5431-40d0-9d45-1d0da0709512] Starting preprocessing: E:\speechdub\media\uploads\WhatsApp_Audio_2026-03-09_at_12_d0nYhJQ.34.12_PM.ogg
Converted E:\speechdub\media\uploads\WhatsApp_Audio_2026-03-09_at_12_d0nYhJQ.34.12_PM.ogg -> E:\speechdub\media\jobs\f75f344e-5431-40d0-9d45-1d0da0709512\f75f344e-5431-40d0-9d45-1d0da0709512_raw.wav
[f75f344e-5431-40d0-9d45-1d0da0709512] Duration: 37.0s
[f75f344e-5431-40d0-9d45-1d0da0709512] Loaded 592285 samples at 16000Hz
[f75f344e-5431-40d0-9d45-1d0da0709512] Noise reduction done
[f75f344e-5431-40d0-9d45-1d0da0709512] Normalization done
[f75f344e-5431-40d0-9d45-1d0da0709512] Saved processed WAV: E:\speechdub\media\jobs\f75f344e-5431-40d0-9d45-1d0da0709512\f75f344e-5431-40d0-9d45-1d0da0709512_processed.wav
[f75f344e-5431-40d0-9d45-1d0da0709512] Preprocessing done. Duration=37.0s
[f75f344e-5431-40d0-9d45-1d0da0709512] Job updated: {'processed_wav': 'jobs\\f75f344e-5431-40d0-9d45-1d0da0709512\\f75f344e-5431-40d0-9d45-1d0da0709512_processed.wav', 'progress': 15, 'status_message': 'Audio ready (37.0s). Running speaker diarization...'}
[f75f344e-5431-40d0-9d45-1d0da0709512] Job updated: {'status': 'diarizing', 'progress': 20, 'status_message': 'Detecting speakers (this may take 1-2 min)...'}
[f75f344e-5431-40d0-9d45-1d0da0709512] Starting diarization: E:\speechdub\media\jobs\f75f344e-5431-40d0-9d45-1d0da0709512\f75f344e-5431-40d0-9d45-1d0da0709512_processed.wav
Loading pyannote pipeline...
HTTP Request: HEAD https://huggingface.co/pyannote/speaker-diarization-3.1/resolve/main/config.yaml "HTTP/1.1 200 OK"
HTTP Request: HEAD https://huggingface.co/pyannote/segmentation-3.0/resolve/main/pytorch_model.bin "HTTP/1.1 302 Found"
HTTP Request: HEAD https://huggingface.co/pyannote/speaker-diarization-community-1/resolve/main/plda/xvec_transform.npz "HTTP/1.1 302 Found"
HTTP Request: HEAD https://huggingface.co/pyannote/speaker-diarization-community-1/resolve/main/plda/plda.npz "HTTP/1.1 302 Found"
HTTP Request: HEAD https://huggingface.co/pyannote/wespeaker-voxceleb-resnet34-LM/resolve/main/pytorch_model.bin "HTTP/1.1 302 Found"
Running diarization on E:\speechdub\media\jobs\f75f344e-5431-40d0-9d45-1d0da0709512\f75f344e-5431-40d0-9d45-1d0da0709512_processed.wav, max_speakers=4
Diarization done: 3 segments
[f75f344e-5431-40d0-9d45-1d0da0709512] Detected 1 speaker(s), 1 segments
[f75f344e-5431-40d0-9d45-1d0da0709512] Job updated: {'num_speakers': 1, 'progress': 35, 'status_message': 'Detected 1 speaker(s), 1 segments. Transcribing...'}
[f75f344e-5431-40d0-9d45-1d0da0709512] Job updated: {'status': 'transcribing', 'progress': 40, 'status_message': 'Transcribing speech with Whisper...'}
Detected language: ta (confidence: 0.97)
[f75f344e-5431-40d0-9d45-1d0da0709512] Overall audio language: ta
[f75f344e-5431-40d0-9d45-1d0da0709512] Transcribing segment 1/1: SPEAKER_00 [1.3s - 37.0s]
Transcribed: '?????????? ????????? ?????????? ?????????...' lang=ta conf=0.57
[f75f344e-5431-40d0-9d45-1d0da0709512] Transcription complete: 1 segments
[f75f344e-5431-40d0-9d45-1d0da0709512] Job updated: {'progress': 55, 'status_message': 'Transcription done. Normalizing Tamil text...'}
[f75f344e-5431-40d0-9d45-1d0da0709512] Job updated: {'progress': 60, 'status_message': 'Normalization done. Translating to English...'}
[f75f344e-5431-40d0-9d45-1d0da0709512] Job updated: {'status': 'translating', 'progress': 62, 'status_message': 'Translating Tamil -> English...'}
Loading IndicTrans2 model: ai4bharat/indictrans2-indic-en-1B
HTTP Request: HEAD https://huggingface.co/ai4bharat/indictrans2-indic-en-1B/resolve/main/config.json "HTTP/1.1 401 Unauthorized"
HTTP Request: HEAD https://huggingface.co/ai4bharat/indictrans2-indic-en-1B/resolve/main/config.json "HTTP/1.1 401 Unauthorized"
IndicTrans2 load failed: You are trying to access a gated repo.
Make sure to have access to it at https://huggingface.co/ai4bharat/indictrans2-indic-en-1B.
401 Client Error. (Request ID: Root=1-69d4d3f1-7e6b5f4419b708fa7e4f2cf5;dbd2a514-cded-44d9-a4ea-9459d2f8892d)

Cannot access gated repo for url https://huggingface.co/ai4bharat/indictrans2-indic-en-1B/resolve/main/config.json.
Access to model ai4bharat/indictrans2-indic-en-1B is restricted. You must have access to it and be authenticated to access it. Please log in.
[f75f344e-5431-40d0-9d45-1d0da0709512] Job updated: {'progress': 70, 'status_message': 'Translation done. Profiling speakers...'}
[f75f344e-5431-40d0-9d45-1d0da0709512] Profiling speaker: SPEAKER_00
  Segment pitch: 197.5 Hz (duration=35.7s)
Speaker SPEAKER_00 pitches: [197.5]
Speaker SPEAKER_00 median pitch: 197.5 Hz
Speaker SPEAKER_00: gender=female, pitch=197.5Hz, duration=35.7s
[f75f344e-5431-40d0-9d45-1d0da0709512] Job updated: {'progress': 75, 'status_message': 'Profiles ready. Synthesizing English speech...'}
[f75f344e-5431-40d0-9d45-1d0da0709512] Job updated: {'status': 'synthesizing', 'progress': 78, 'status_message': 'Generating dubbed English speech...'}
[f75f344e-5431-40d0-9d45-1d0da0709512] Synthesizing segment 1/1: SPEAKER_00 - '?????????? ????????? ?????????? ????????...'
Coqui TTS: synthesized 'This is my project. In this project, you...' -> E:\speechdub\media\jobs\f75f344e-5431-40d0-9d45-1d0da0709512\tts_segments\f75f344e-5431-40d0-9d45-1d0da0709512_tts_0000.wav
[f75f344e-5431-40d0-9d45-1d0da0709512] Job updated: {'progress': 90, 'status_message': 'Speech synthesis done. Stitching audio...'}
[f75f344e-5431-40d0-9d45-1d0da0709512] Stitching 1 audio segments...
Saved combined audio: E:\speechdub\media\jobs\f75f344e-5431-40d0-9d45-1d0da0709512\f75f344e-5431-40d0-9d45-1d0da0709512_dubbed.wav (25.2s)
[f75f344e-5431-40d0-9d45-1d0da0709512] Stitching done: 1/1 valid segments, total duration: 25.2s
[f75f344e-5431-40d0-9d45-1d0da0709512] Job updated: {'progress': 95, 'status_message': 'Audio ready. Building transcript...'}
[f75f344e-5431-40d0-9d45-1d0da0709512] ========== PIPELINE COMPLETE ==========
[f75f344e-5431-40d0-9d45-1d0da0709512] Speakers: 1, Segments: 1
Not Found: /favicon.ico
Watching for file changes with StatReloader
E:\speechdub\web\urls.py changed, reloading.
Watching for file changes with StatReloader
E:\speechdub\web\urls.py changed, reloading.
Watching for file changes with StatReloader
E:\speechdub\web\urls.py changed, reloading.
Watching for file changes with StatReloader
E:\speechdub\web\urls.py changed, reloading.
Watching for file changes with StatReloader
E:\speechdub\web\views.py changed, reloading.
Watching for file changes with StatReloader
E:\speechdub\web\views.py changed, reloading.
Watching for file changes with StatReloader
E:\speechdub\web\views.py changed, reloading.
Watching for file changes with StatReloader
Watching for file changes with StatReloader
Not Found: /favicon.ico
Watching for file changes with StatReloader
Watching for file changes with StatReloader
Not Found: /favicon.ico
[b5d79fcf-6a4a-4e90-ac7e-24739eb7be5c] ========== PIPELINE START ==========
[b5d79fcf-6a4a-4e90-ac7e-24739eb7be5c] Job updated: {'status': 'preprocessing', 'progress': 5, 'status_message': 'Preprocessing audio (convert, denoise, normalize)...'}
[b5d79fcf-6a4a-4e90-ac7e-24739eb7be5c] Starting preprocessing: C:\Users\Deepak John\Desktop\speechdub\media\uploads\WhatsApp_Audio_2026-03-09_at_12_CCkFGtP.34.12_PM.ogg
Converted C:\Users\Deepak John\Desktop\speechdub\media\uploads\WhatsApp_Audio_2026-03-09_at_12_CCkFGtP.34.12_PM.ogg -> C:\Users\Deepak John\Desktop\speechdub\media\jobs\b5d79fcf-6a4a-4e90-ac7e-24739eb7be5c\b5d79fcf-6a4a-4e90-ac7e-24739eb7be5c_raw.wav
[b5d79fcf-6a4a-4e90-ac7e-24739eb7be5c] Duration: 37.0s
[b5d79fcf-6a4a-4e90-ac7e-24739eb7be5c] Loaded 592285 samples at 16000Hz
[b5d79fcf-6a4a-4e90-ac7e-24739eb7be5c] Noise reduction done
[b5d79fcf-6a4a-4e90-ac7e-24739eb7be5c] Normalization done
[b5d79fcf-6a4a-4e90-ac7e-24739eb7be5c] Saved processed WAV: C:\Users\Deepak John\Desktop\speechdub\media\jobs\b5d79fcf-6a4a-4e90-ac7e-24739eb7be5c\b5d79fcf-6a4a-4e90-ac7e-24739eb7be5c_processed.wav
[b5d79fcf-6a4a-4e90-ac7e-24739eb7be5c] Preprocessing done. Duration=37.0s
[b5d79fcf-6a4a-4e90-ac7e-24739eb7be5c] Job updated: {'processed_wav': 'jobs\\b5d79fcf-6a4a-4e90-ac7e-24739eb7be5c\\b5d79fcf-6a4a-4e90-ac7e-24739eb7be5c_processed.wav', 'progress': 15, 'status_message': 'Audio ready (37.0s). Running speaker diarization...'}
[b5d79fcf-6a4a-4e90-ac7e-24739eb7be5c] Job updated: {'status': 'diarizing', 'progress': 20, 'status_message': 'Detecting speakers (this may take 1-2 min)...'}
[b5d79fcf-6a4a-4e90-ac7e-24739eb7be5c] Starting diarization: C:\Users\Deepak John\Desktop\speechdub\media\jobs\b5d79fcf-6a4a-4e90-ac7e-24739eb7be5c\b5d79fcf-6a4a-4e90-ac7e-24739eb7be5c_processed.wav
Loading pyannote pipeline...
HTTP Request: HEAD https://huggingface.co/pyannote/speaker-diarization-3.1/resolve/main/config.yaml "HTTP/1.1 200 OK"
HTTP Request: GET https://huggingface.co/pyannote/speaker-diarization-3.1/resolve/main/config.yaml "HTTP/1.1 200 OK"
HTTP Request: HEAD https://huggingface.co/pyannote/segmentation-3.0/resolve/main/pytorch_model.bin "HTTP/1.1 302 Found"
HTTP Request: GET https://huggingface.co/api/models/pyannote/segmentation-3.0/xet-read-token/e66f3d3b9eb0873085418a7b813d3b369bf160bb "HTTP/1.1 200 OK"
HTTP Request: HEAD https://huggingface.co/pyannote/speaker-diarization-community-1/resolve/main/plda/xvec_transform.npz "HTTP/1.1 302 Found"
HTTP Request: GET https://huggingface.co/api/models/pyannote/speaker-diarization-community-1/xet-read-token/3533c8cf8e369892e6b79ff1bf80f7b0286a54ee "HTTP/1.1 200 OK"
HTTP Request: HEAD https://huggingface.co/pyannote/speaker-diarization-community-1/resolve/main/plda/plda.npz "HTTP/1.1 302 Found"
HTTP Request: HEAD https://huggingface.co/pyannote/wespeaker-voxceleb-resnet34-LM/resolve/main/pytorch_model.bin "HTTP/1.1 302 Found"
HTTP Request: GET https://huggingface.co/api/models/pyannote/wespeaker-voxceleb-resnet34-LM/xet-read-token/837717ddb9ff5507820346191109dc79c958d614 "HTTP/1.1 200 OK"
Running diarization on C:\Users\Deepak John\Desktop\speechdub\media\jobs\b5d79fcf-6a4a-4e90-ac7e-24739eb7be5c\b5d79fcf-6a4a-4e90-ac7e-24739eb7be5c_processed.wav, max_speakers=4
Diarization done: 3 segments
[b5d79fcf-6a4a-4e90-ac7e-24739eb7be5c] Detected 1 speaker(s), 1 segments
[b5d79fcf-6a4a-4e90-ac7e-24739eb7be5c] Job updated: {'num_speakers': 1, 'progress': 35, 'status_message': 'Detected 1 speaker(s), 1 segments. Transcribing...'}
[b5d79fcf-6a4a-4e90-ac7e-24739eb7be5c] Job updated: {'status': 'transcribing', 'progress': 40, 'status_message': 'Transcribing speech with Whisper...'}
Loading Whisper model: medium
Whisper model loaded successfully
Detected language: ta (confidence: 0.97)
[b5d79fcf-6a4a-4e90-ac7e-24739eb7be5c] Overall audio language: ta
[b5d79fcf-6a4a-4e90-ac7e-24739eb7be5c] Transcribing segment 1/1: SPEAKER_00 [1.3s - 37.0s]
Transcribed: '?????? ????????????? ??????? ?????? ????? ?????? ???????????...' lang=ta conf=0.57
[b5d79fcf-6a4a-4e90-ac7e-24739eb7be5c] Transcription complete: 1 segments
[b5d79fcf-6a4a-4e90-ac7e-24739eb7be5c] Job updated: {'progress': 55, 'status_message': 'Transcription done. Normalizing Tamil text...'}
[b5d79fcf-6a4a-4e90-ac7e-24739eb7be5c] Job updated: {'progress': 60, 'status_message': 'Normalization done. Translating to English...'}
[b5d79fcf-6a4a-4e90-ac7e-24739eb7be5c] Job updated: {'status': 'translating', 'progress': 62, 'status_message': 'Translating Tamil -> English...'}
Loading IndicTrans2 model: ai4bharat/indictrans2-indic-en-1B
HTTP Request: HEAD https://huggingface.co/ai4bharat/indictrans2-indic-en-1B/resolve/main/config.json "HTTP/1.1 401 Unauthorized"
HTTP Request: HEAD https://huggingface.co/ai4bharat/indictrans2-indic-en-1B/resolve/main/config.json "HTTP/1.1 401 Unauthorized"
IndicTrans2 load failed: You are trying to access a gated repo.
Make sure to have access to it at https://huggingface.co/ai4bharat/indictrans2-indic-en-1B.
401 Client Error. (Request ID: Root=1-69da44bb-4e5137e67abf96da4e34f732;dd421dc0-1138-469b-a1cc-0eedb82b6201)

Cannot access gated repo for url https://huggingface.co/ai4bharat/indictrans2-indic-en-1B/resolve/main/config.json.
Access to model ai4bharat/indictrans2-indic-en-1B is restricted. You must have access to it and be authenticated to access it. Please log in.
[b5d79fcf-6a4a-4e90-ac7e-24739eb7be5c] Job updated: {'progress': 70, 'status_message': 'Translation done. Profiling speakers...'}
[b5d79fcf-6a4a-4e90-ac7e-24739eb7be5c] Profiling speaker: SPEAKER_00
  Segment pitch: 197.5 Hz (duration=35.7s)
Speaker SPEAKER_00 pitches: [197.5]
Speaker SPEAKER_00 median pitch: 197.5 Hz
Speaker SPEAKER_00: gender=female, pitch=197.5Hz, duration=35.7s
[b5d79fcf-6a4a-4e90-ac7e-24739eb7be5c] Job updated: {'progress': 75, 'status_message': 'Profiles ready. Synthesizing English speech...'}
[b5d79fcf-6a4a-4e90-ac7e-24739eb7be5c] Job updated: {'status': 'synthesizing', 'progress': 78, 'status_message': 'Generating dubbed English speech...'}
[b5d79fcf-6a4a-4e90-ac7e-24739eb7be5c] Synthesizing segment 1/1: SPEAKER_00 - '?????? ????????????? ??????? ?????? ????...'
Coqui TTS not installed. Install with: pip install TTS
Coqui TTS not installed. Install with: pip install TTS
Could not import comtypes.gen, trying to create it.
Created comtypes.gen directory: 'C:\Users\Deepak John\Desktop\speechdub\env\lib\site-packages\comtypes\gen'
Writing __init__.py file: 'C:\Users\Deepak John\Desktop\speechdub\env\lib\site-packages\comtypes\gen\__init__.py'
Using writeable comtypes cache directory: 'C:\Users\Deepak John\Desktop\speechdub\env\lib\site-packages\comtypes\gen'
Could not import comtypes.gen._C866CA3A_32F7_11D2_9602_00C04F8EE628_0_5_4: No module named 'comtypes.gen._C866CA3A_32F7_11D2_9602_00C04F8EE628_0_5_4'
# Generating comtypes.gen._C866CA3A_32F7_11D2_9602_00C04F8EE628_0_5_4
# Generating comtypes.gen.SpeechLib
Could not import comtypes.gen._00020430_0000_0000_C000_000000000046_0_2_0: No module named 'comtypes.gen._00020430_0000_0000_C000_000000000046_0_2_0'
# Generating comtypes.gen._00020430_0000_0000_C000_000000000046_0_2_0
# Generating comtypes.gen.stdole
pyttsx3 TTS: synthesized to C:\Users\Deepak John\Desktop\speechdub\media\jobs\b5d79fcf-6a4a-4e90-ac7e-24739eb7be5c\tts_segments\b5d79fcf-6a4a-4e90-ac7e-24739eb7be5c_tts_0000.wav
[b5d79fcf-6a4a-4e90-ac7e-24739eb7be5c] Job updated: {'progress': 90, 'status_message': 'Speech synthesis done. Stitching audio...'}
[b5d79fcf-6a4a-4e90-ac7e-24739eb7be5c] Stitching 1 audio segments...
Saved combined audio: C:\Users\Deepak John\Desktop\speechdub\media\jobs\b5d79fcf-6a4a-4e90-ac7e-24739eb7be5c\b5d79fcf-6a4a-4e90-ac7e-24739eb7be5c_dubbed.wav (26.8s)
[b5d79fcf-6a4a-4e90-ac7e-24739eb7be5c] Stitching done: 1/1 valid segments, total duration: 26.8s
[b5d79fcf-6a4a-4e90-ac7e-24739eb7be5c] Job updated: {'progress': 95, 'status_message': 'Audio ready. Building transcript...'}
[b5d79fcf-6a4a-4e90-ac7e-24739eb7be5c] ========== PIPELINE COMPLETE ==========
[b5d79fcf-6a4a-4e90-ac7e-24739eb7be5c] Speakers: 1, Segments: 1
Not Found: /favicon.ico
Not Found: /favicon.ico
Not Found: /favicon.ico
[478cf3b1-85a5-4c9d-aecf-bccb6622fa25] ========== PIPELINE START ==========
[478cf3b1-85a5-4c9d-aecf-bccb6622fa25] Job updated: {'status': 'preprocessing', 'progress': 5, 'status_message': 'Preprocessing audio (convert, denoise, normalize)...'}
[478cf3b1-85a5-4c9d-aecf-bccb6622fa25] Starting preprocessing: C:\Users\Deepak John\Desktop\speechdub\media\uploads\input4_audio.wav
Converted C:\Users\Deepak John\Desktop\speechdub\media\uploads\input4_audio.wav -> C:\Users\Deepak John\Desktop\speechdub\media\jobs\478cf3b1-85a5-4c9d-aecf-bccb6622fa25\478cf3b1-85a5-4c9d-aecf-bccb6622fa25_raw.wav
[478cf3b1-85a5-4c9d-aecf-bccb6622fa25] Duration: 14.4s
[478cf3b1-85a5-4c9d-aecf-bccb6622fa25] Loaded 229971 samples at 16000Hz
[478cf3b1-85a5-4c9d-aecf-bccb6622fa25] Noise reduction done
[478cf3b1-85a5-4c9d-aecf-bccb6622fa25] Normalization done
[478cf3b1-85a5-4c9d-aecf-bccb6622fa25] Saved processed WAV: C:\Users\Deepak John\Desktop\speechdub\media\jobs\478cf3b1-85a5-4c9d-aecf-bccb6622fa25\478cf3b1-85a5-4c9d-aecf-bccb6622fa25_processed.wav
[478cf3b1-85a5-4c9d-aecf-bccb6622fa25] Preprocessing done. Duration=14.4s
[478cf3b1-85a5-4c9d-aecf-bccb6622fa25] Job updated: {'processed_wav': 'jobs\\478cf3b1-85a5-4c9d-aecf-bccb6622fa25\\478cf3b1-85a5-4c9d-aecf-bccb6622fa25_processed.wav', 'progress': 15, 'status_message': 'Audio ready (14.4s). Running speaker diarization...'}
[478cf3b1-85a5-4c9d-aecf-bccb6622fa25] Job updated: {'status': 'diarizing', 'progress': 20, 'status_message': 'Detecting speakers (this may take 1-2 min)...'}
[478cf3b1-85a5-4c9d-aecf-bccb6622fa25] Starting diarization: C:\Users\Deepak John\Desktop\speechdub\media\jobs\478cf3b1-85a5-4c9d-aecf-bccb6622fa25\478cf3b1-85a5-4c9d-aecf-bccb6622fa25_processed.wav
Loading pyannote pipeline...
HTTP Request: HEAD https://huggingface.co/pyannote/speaker-diarization-3.1/resolve/main/config.yaml "HTTP/1.1 200 OK"
HTTP Request: HEAD https://huggingface.co/pyannote/segmentation-3.0/resolve/main/pytorch_model.bin "HTTP/1.1 302 Found"
HTTP Request: HEAD https://huggingface.co/pyannote/speaker-diarization-community-1/resolve/main/plda/xvec_transform.npz "HTTP/1.1 302 Found"
HTTP Request: HEAD https://huggingface.co/pyannote/speaker-diarization-community-1/resolve/main/plda/plda.npz "HTTP/1.1 302 Found"
HTTP Request: HEAD https://huggingface.co/pyannote/wespeaker-voxceleb-resnet34-LM/resolve/main/pytorch_model.bin "HTTP/1.1 302 Found"
Running diarization on C:\Users\Deepak John\Desktop\speechdub\media\jobs\478cf3b1-85a5-4c9d-aecf-bccb6622fa25\478cf3b1-85a5-4c9d-aecf-bccb6622fa25_processed.wav, max_speakers=4
Diarization done: 4 segments
[478cf3b1-85a5-4c9d-aecf-bccb6622fa25] Detected 2 speaker(s), 4 segments
[478cf3b1-85a5-4c9d-aecf-bccb6622fa25] Job updated: {'num_speakers': 2, 'progress': 35, 'status_message': 'Detected 2 speaker(s), 4 segments. Transcribing...'}
[478cf3b1-85a5-4c9d-aecf-bccb6622fa25] Job updated: {'status': 'transcribing', 'progress': 40, 'status_message': 'Transcribing speech with Whisper...'}
Detected language: en (confidence: 1.00)
[478cf3b1-85a5-4c9d-aecf-bccb6622fa25] Overall audio language: en
[478cf3b1-85a5-4c9d-aecf-bccb6622fa25] Transcribing segment 1/4: SPEAKER_00 [0.0s - 1.8s]
Transcribed: 'So Kevin, what do you have on the go today?...' lang=en conf=0.78
[478cf3b1-85a5-4c9d-aecf-bccb6622fa25] Transcribing segment 2/4: SPEAKER_01 [2.5s - 7.4s]
Transcribed: 'I have a meeting at noon and then I'm off to get some grocer...' lang=en conf=0.82
[478cf3b1-85a5-4c9d-aecf-bccb6622fa25] Transcribing segment 3/4: SPEAKER_00 [8.0s - 11.0s]
Transcribed: 'I'm making some lessons for all my students....' lang=en conf=0.76
[478cf3b1-85a5-4c9d-aecf-bccb6622fa25] Transcribing segment 4/4: SPEAKER_00 [11.5s - 14.3s]
Transcribed: 'And what about you? What do you have on the go today?...' lang=en conf=0.79
[478cf3b1-85a5-4c9d-aecf-bccb6622fa25] Transcription complete: 4 segments
[478cf3b1-85a5-4c9d-aecf-bccb6622fa25] Job updated: {'progress': 55, 'status_message': 'Transcription done. Normalizing Tamil text...'}
[478cf3b1-85a5-4c9d-aecf-bccb6622fa25] Job updated: {'progress': 60, 'status_message': 'Normalization done. Translating to English...'}
[478cf3b1-85a5-4c9d-aecf-bccb6622fa25] Job updated: {'status': 'translating', 'progress': 62, 'status_message': 'Translating Tamil -> English...'}
[478cf3b1-85a5-4c9d-aecf-bccb6622fa25] Job updated: {'progress': 70, 'status_message': 'Translation done. Profiling speakers...'}
[478cf3b1-85a5-4c9d-aecf-bccb6622fa25] Profiling speaker: SPEAKER_00
  Segment pitch: 228.6 Hz (duration=1.8s)
  Segment pitch: 275.9 Hz (duration=3.0s)
  Segment pitch: 213.3 Hz (duration=2.7s)
Speaker SPEAKER_00 pitches: [228.6, 275.9, 213.3]
Speaker SPEAKER_00 median pitch: 228.6 Hz
Speaker SPEAKER_00: gender=female, pitch=228.6Hz, duration=7.5s
[478cf3b1-85a5-4c9d-aecf-bccb6622fa25] Profiling speaker: SPEAKER_01
  Segment pitch: 172.0 Hz (duration=4.9s)
Speaker SPEAKER_01 pitches: [172.0]
Speaker SPEAKER_01 median pitch: 172.0 Hz
Speaker SPEAKER_01: gender=male, pitch=172.0Hz, duration=4.9s
[478cf3b1-85a5-4c9d-aecf-bccb6622fa25] Job updated: {'progress': 75, 'status_message': 'Profiles ready. Synthesizing English speech...'}
[478cf3b1-85a5-4c9d-aecf-bccb6622fa25] Job updated: {'status': 'synthesizing', 'progress': 78, 'status_message': 'Generating dubbed English speech...'}
[478cf3b1-85a5-4c9d-aecf-bccb6622fa25] Synthesizing segment 1/4: SPEAKER_00 - 'So Kevin, what do you have on the go tod...'
Coqui TTS not installed. Install with: pip install TTS
Coqui TTS not installed. Install with: pip install TTS
pyttsx3 TTS: synthesized to C:\Users\Deepak John\Desktop\speechdub\media\jobs\478cf3b1-85a5-4c9d-aecf-bccb6622fa25\tts_segments\478cf3b1-85a5-4c9d-aecf-bccb6622fa25_tts_0000.wav
[478cf3b1-85a5-4c9d-aecf-bccb6622fa25] Synthesizing segment 2/4: SPEAKER_01 - 'I have a meeting at noon and then I'm of...'
Coqui TTS not installed. Install with: pip install TTS
Coqui TTS not installed. Install with: pip install TTS
pyttsx3 TTS: synthesized to C:\Users\Deepak John\Desktop\speechdub\media\jobs\478cf3b1-85a5-4c9d-aecf-bccb6622fa25\tts_segments\478cf3b1-85a5-4c9d-aecf-bccb6622fa25_tts_0001.wav
[478cf3b1-85a5-4c9d-aecf-bccb6622fa25] Synthesizing segment 3/4: SPEAKER_00 - 'I'm making some lessons for all my stude...'
Coqui TTS not installed. Install with: pip install TTS
Coqui TTS not installed. Install with: pip install TTS
pyttsx3 TTS: synthesized to C:\Users\Deepak John\Desktop\speechdub\media\jobs\478cf3b1-85a5-4c9d-aecf-bccb6622fa25\tts_segments\478cf3b1-85a5-4c9d-aecf-bccb6622fa25_tts_0002.wav
[478cf3b1-85a5-4c9d-aecf-bccb6622fa25] Synthesizing segment 4/4: SPEAKER_00 - 'And what about you? What do you have on ...'
Coqui TTS not installed. Install with: pip install TTS
Coqui TTS not installed. Install with: pip install TTS
pyttsx3 TTS: synthesized to C:\Users\Deepak John\Desktop\speechdub\media\jobs\478cf3b1-85a5-4c9d-aecf-bccb6622fa25\tts_segments\478cf3b1-85a5-4c9d-aecf-bccb6622fa25_tts_0003.wav
[478cf3b1-85a5-4c9d-aecf-bccb6622fa25] Job updated: {'progress': 90, 'status_message': 'Speech synthesis done. Stitching audio...'}
[478cf3b1-85a5-4c9d-aecf-bccb6622fa25] Stitching 4 audio segments...
Saved combined audio: C:\Users\Deepak John\Desktop\speechdub\media\jobs\478cf3b1-85a5-4c9d-aecf-bccb6622fa25\478cf3b1-85a5-4c9d-aecf-bccb6622fa25_dubbed.wav (18.3s)
[478cf3b1-85a5-4c9d-aecf-bccb6622fa25] Stitching done: 4/4 valid segments, total duration: 18.3s
[478cf3b1-85a5-4c9d-aecf-bccb6622fa25] Job updated: {'progress': 95, 'status_message': 'Audio ready. Building transcript...'}
[478cf3b1-85a5-4c9d-aecf-bccb6622fa25] ========== PIPELINE COMPLETE ==========
[478cf3b1-85a5-4c9d-aecf-bccb6622fa25] Speakers: 2, Segments: 4
[45af7626-9ec0-4daa-8b43-8a20ff4a5e7f] ========== PIPELINE START ==========
[45af7626-9ec0-4daa-8b43-8a20ff4a5e7f] Job updated: {'status': 'preprocessing', 'progress': 5, 'status_message': 'Preprocessing audio (convert, denoise, normalize)...'}
[45af7626-9ec0-4daa-8b43-8a20ff4a5e7f] Starting preprocessing: C:\Users\Deepak John\Desktop\speechdub\media\uploads\input1.wav
Converted C:\Users\Deepak John\Desktop\speechdub\media\uploads\input1.wav -> C:\Users\Deepak John\Desktop\speechdub\media\jobs\45af7626-9ec0-4daa-8b43-8a20ff4a5e7f\45af7626-9ec0-4daa-8b43-8a20ff4a5e7f_raw.wav
[45af7626-9ec0-4daa-8b43-8a20ff4a5e7f] Duration: 58.1s
[45af7626-9ec0-4daa-8b43-8a20ff4a5e7f] Loaded 929913 samples at 16000Hz
[45af7626-9ec0-4daa-8b43-8a20ff4a5e7f] Noise reduction done
[45af7626-9ec0-4daa-8b43-8a20ff4a5e7f] Normalization done
[45af7626-9ec0-4daa-8b43-8a20ff4a5e7f] Saved processed WAV: C:\Users\Deepak John\Desktop\speechdub\media\jobs\45af7626-9ec0-4daa-8b43-8a20ff4a5e7f\45af7626-9ec0-4daa-8b43-8a20ff4a5e7f_processed.wav
[45af7626-9ec0-4daa-8b43-8a20ff4a5e7f] Preprocessing done. Duration=58.1s
[45af7626-9ec0-4daa-8b43-8a20ff4a5e7f] Job updated: {'processed_wav': 'jobs\\45af7626-9ec0-4daa-8b43-8a20ff4a5e7f\\45af7626-9ec0-4daa-8b43-8a20ff4a5e7f_processed.wav', 'progress': 15, 'status_message': 'Audio ready (58.1s). Running speaker diarization...'}
[45af7626-9ec0-4daa-8b43-8a20ff4a5e7f] Job updated: {'status': 'diarizing', 'progress': 20, 'status_message': 'Detecting speakers (this may take 1-2 min)...'}
[45af7626-9ec0-4daa-8b43-8a20ff4a5e7f] Starting diarization: C:\Users\Deepak John\Desktop\speechdub\media\jobs\45af7626-9ec0-4daa-8b43-8a20ff4a5e7f\45af7626-9ec0-4daa-8b43-8a20ff4a5e7f_processed.wav
Loading pyannote pipeline...
HTTP Request: HEAD https://huggingface.co/pyannote/speaker-diarization-3.1/resolve/main/config.yaml "HTTP/1.1 200 OK"
HTTP Request: HEAD https://huggingface.co/pyannote/segmentation-3.0/resolve/main/pytorch_model.bin "HTTP/1.1 302 Found"
HTTP Request: HEAD https://huggingface.co/pyannote/speaker-diarization-community-1/resolve/main/plda/xvec_transform.npz "HTTP/1.1 302 Found"
HTTP Request: HEAD https://huggingface.co/pyannote/speaker-diarization-community-1/resolve/main/plda/plda.npz "HTTP/1.1 302 Found"
HTTP Request: HEAD https://huggingface.co/pyannote/wespeaker-voxceleb-resnet34-LM/resolve/main/pytorch_model.bin "HTTP/1.1 302 Found"
Running diarization on C:\Users\Deepak John\Desktop\speechdub\media\jobs\45af7626-9ec0-4daa-8b43-8a20ff4a5e7f\45af7626-9ec0-4daa-8b43-8a20ff4a5e7f_processed.wav, max_speakers=4
Diarization done: 21 segments
[45af7626-9ec0-4daa-8b43-8a20ff4a5e7f] Detected 2 speaker(s), 12 segments
[45af7626-9ec0-4daa-8b43-8a20ff4a5e7f] Job updated: {'num_speakers': 2, 'progress': 35, 'status_message': 'Detected 2 speaker(s), 12 segments. Transcribing...'}
[45af7626-9ec0-4daa-8b43-8a20ff4a5e7f] Job updated: {'status': 'transcribing', 'progress': 40, 'status_message': 'Transcribing speech with Whisper...'}
Detected language: en (confidence: 0.37)
[45af7626-9ec0-4daa-8b43-8a20ff4a5e7f] Overall audio language: en
[45af7626-9ec0-4daa-8b43-8a20ff4a5e7f] Transcribing segment 1/12: SPEAKER_00 [1.5s - 2.7s]
Transcribed: 'Tamil's premium....' lang=en conf=0.01
[45af7626-9ec0-4daa-8b43-8a20ff4a5e7f] Transcribing segment 2/12: SPEAKER_00 [3.2s - 6.7s]
Transcribed: 'I don't know what you just said. You want to hear in Tamil? ...' lang=en conf=0.67
[45af7626-9ec0-4daa-8b43-8a20ff4a5e7f] Transcribing segment 3/12: SPEAKER_00 [8.5s - 14.9s]
Transcribed: 'Thank you....' lang=en conf=0.48
[45af7626-9ec0-4daa-8b43-8a20ff4a5e7f] Transcribing segment 4/12: SPEAKER_01 [12.7s - 13.6s]
Transcribed: 'Thank you....' lang=en conf=0.47
[45af7626-9ec0-4daa-8b43-8a20ff4a5e7f] Transcribing segment 5/12: SPEAKER_00 [15.6s - 21.8s]
Transcribed: 'Thank you....' lang=en conf=0.37
[45af7626-9ec0-4daa-8b43-8a20ff4a5e7f] Transcribing segment 6/12: SPEAKER_00 [22.2s - 29.5s]
Transcribed: 'Thank you....' lang=en conf=0.39
[45af7626-9ec0-4daa-8b43-8a20ff4a5e7f] Transcribing segment 7/12: SPEAKER_00 [30.2s - 34.5s]
Transcribed: '...' lang=en conf=0.50
[45af7626-9ec0-4daa-8b43-8a20ff4a5e7f] Transcribing segment 8/12: SPEAKER_00 [35.1s - 36.9s]
Transcribed: 'That's all I learned....' lang=en conf=0.59
[45af7626-9ec0-4daa-8b43-8a20ff4a5e7f] Transcribing segment 9/12: SPEAKER_00 [37.6s - 42.0s]
Transcribed: 'Please transcribe accurately including colloquial Tamil word...' lang=en conf=0.61
[45af7626-9ec0-4daa-8b43-8a20ff4a5e7f] Transcribing segment 10/12: SPEAKER_00 [44.2s - 47.6s]
Transcribed: 'Thank you....' lang=en conf=0.50
[45af7626-9ec0-4daa-8b43-8a20ff4a5e7f] Transcribing segment 11/12: SPEAKER_00 [48.7s - 52.5s]
Transcribed: 'Thank you....' lang=en conf=0.47
[45af7626-9ec0-4daa-8b43-8a20ff4a5e7f] Transcribing segment 12/12: SPEAKER_00 [53.3s - 55.0s]
Transcribed: 'Thank you for watching!...' lang=en conf=0.54
[45af7626-9ec0-4daa-8b43-8a20ff4a5e7f] Transcription complete: 12 segments
[45af7626-9ec0-4daa-8b43-8a20ff4a5e7f] Job updated: {'progress': 55, 'status_message': 'Transcription done. Normalizing Tamil text...'}
[45af7626-9ec0-4daa-8b43-8a20ff4a5e7f] Job updated: {'progress': 60, 'status_message': 'Normalization done. Translating to English...'}
[45af7626-9ec0-4daa-8b43-8a20ff4a5e7f] Job updated: {'status': 'translating', 'progress': 62, 'status_message': 'Translating Tamil -> English...'}
[45af7626-9ec0-4daa-8b43-8a20ff4a5e7f] Job updated: {'progress': 70, 'status_message': 'Translation done. Profiling speakers...'}
[45af7626-9ec0-4daa-8b43-8a20ff4a5e7f] Profiling speaker: SPEAKER_00
  Segment pitch: 271.2 Hz (duration=1.2s)
  Segment pitch: 262.3 Hz (duration=3.5s)
  Segment pitch: 237.1 Hz (duration=6.4s)
  Segment pitch: 262.3 Hz (duration=6.2s)
  Segment pitch: 271.2 Hz (duration=7.3s)
  Segment pitch: 246.2 Hz (duration=4.3s)
  Segment pitch: 246.2 Hz (duration=1.8s)
  Segment pitch: 248.1 Hz (duration=4.4s)
  Segment pitch: 254.0 Hz (duration=3.4s)
  Segment pitch: 250.0 Hz (duration=3.7s)
  Segment pitch: 262.3 Hz (duration=1.7s)
Speaker SPEAKER_00 pitches: [271.2, 262.3, 237.1, 262.3, 271.2, 246.2, 246.2, 248.1, 254.0, 250.0, 262.3]
Speaker SPEAKER_00 median pitch: 254.0 Hz
Speaker SPEAKER_00: gender=female, pitch=254.0Hz, duration=43.9s
[45af7626-9ec0-4daa-8b43-8a20ff4a5e7f] Profiling speaker: SPEAKER_01
Speaker SPEAKER_01: gender=unknown, pitch=0.0Hz, duration=0.9s
[45af7626-9ec0-4daa-8b43-8a20ff4a5e7f] Job updated: {'progress': 75, 'status_message': 'Profiles ready. Synthesizing English speech...'}
[45af7626-9ec0-4daa-8b43-8a20ff4a5e7f] Job updated: {'status': 'synthesizing', 'progress': 78, 'status_message': 'Generating dubbed English speech...'}
[45af7626-9ec0-4daa-8b43-8a20ff4a5e7f] Synthesizing segment 1/12: SPEAKER_00 - 'Tamil's premium....'
Coqui TTS not installed. Install with: pip install TTS
Coqui TTS not installed. Install with: pip install TTS
pyttsx3 TTS: synthesized to C:\Users\Deepak John\Desktop\speechdub\media\jobs\45af7626-9ec0-4daa-8b43-8a20ff4a5e7f\tts_segments\45af7626-9ec0-4daa-8b43-8a20ff4a5e7f_tts_0000.wav
[45af7626-9ec0-4daa-8b43-8a20ff4a5e7f] Synthesizing segment 2/12: SPEAKER_00 - 'I don't know what you just said. You wan...'
Coqui TTS not installed. Install with: pip install TTS
Coqui TTS not installed. Install with: pip install TTS
pyttsx3 TTS: synthesized to C:\Users\Deepak John\Desktop\speechdub\media\jobs\45af7626-9ec0-4daa-8b43-8a20ff4a5e7f\tts_segments\45af7626-9ec0-4daa-8b43-8a20ff4a5e7f_tts_0001.wav
[45af7626-9ec0-4daa-8b43-8a20ff4a5e7f] Synthesizing segment 3/12: SPEAKER_00 - 'Thank you....'
Coqui TTS not installed. Install with: pip install TTS
Coqui TTS not installed. Install with: pip install TTS
pyttsx3 TTS: synthesized to C:\Users\Deepak John\Desktop\speechdub\media\jobs\45af7626-9ec0-4daa-8b43-8a20ff4a5e7f\tts_segments\45af7626-9ec0-4daa-8b43-8a20ff4a5e7f_tts_0002.wav
[45af7626-9ec0-4daa-8b43-8a20ff4a5e7f] Synthesizing segment 4/12: SPEAKER_01 - 'Thank you....'
Coqui TTS not installed. Install with: pip install TTS
Coqui TTS not installed. Install with: pip install TTS
pyttsx3 TTS: synthesized to C:\Users\Deepak John\Desktop\speechdub\media\jobs\45af7626-9ec0-4daa-8b43-8a20ff4a5e7f\tts_segments\45af7626-9ec0-4daa-8b43-8a20ff4a5e7f_tts_0003.wav
[45af7626-9ec0-4daa-8b43-8a20ff4a5e7f] Synthesizing segment 5/12: SPEAKER_00 - 'Thank you....'
Coqui TTS not installed. Install with: pip install TTS
Coqui TTS not installed. Install with: pip install TTS
pyttsx3 TTS: synthesized to C:\Users\Deepak John\Desktop\speechdub\media\jobs\45af7626-9ec0-4daa-8b43-8a20ff4a5e7f\tts_segments\45af7626-9ec0-4daa-8b43-8a20ff4a5e7f_tts_0004.wav
[45af7626-9ec0-4daa-8b43-8a20ff4a5e7f] Synthesizing segment 6/12: SPEAKER_00 - 'Thank you....'
Coqui TTS not installed. Install with: pip install TTS
Coqui TTS not installed. Install with: pip install TTS
pyttsx3 TTS: synthesized to C:\Users\Deepak John\Desktop\speechdub\media\jobs\45af7626-9ec0-4daa-8b43-8a20ff4a5e7f\tts_segments\45af7626-9ec0-4daa-8b43-8a20ff4a5e7f_tts_0005.wav
[45af7626-9ec0-4daa-8b43-8a20ff4a5e7f] Synthesizing segment 8/12: SPEAKER_00 - 'That's all I learned....'
Coqui TTS not installed. Install with: pip install TTS
Coqui TTS not installed. Install with: pip install TTS
pyttsx3 TTS: synthesized to C:\Users\Deepak John\Desktop\speechdub\media\jobs\45af7626-9ec0-4daa-8b43-8a20ff4a5e7f\tts_segments\45af7626-9ec0-4daa-8b43-8a20ff4a5e7f_tts_0007.wav
[45af7626-9ec0-4daa-8b43-8a20ff4a5e7f] Synthesizing segment 9/12: SPEAKER_00 - 'Please transcribe accurately including c...'
Coqui TTS not installed. Install with: pip install TTS
Coqui TTS not installed. Install with: pip install TTS
pyttsx3 TTS: synthesized to C:\Users\Deepak John\Desktop\speechdub\media\jobs\45af7626-9ec0-4daa-8b43-8a20ff4a5e7f\tts_segments\45af7626-9ec0-4daa-8b43-8a20ff4a5e7f_tts_0008.wav
[45af7626-9ec0-4daa-8b43-8a20ff4a5e7f] Synthesizing segment 10/12: SPEAKER_00 - 'Thank you....'
Coqui TTS not installed. Install with: pip install TTS
Coqui TTS not installed. Install with: pip install TTS
pyttsx3 TTS: synthesized to C:\Users\Deepak John\Desktop\speechdub\media\jobs\45af7626-9ec0-4daa-8b43-8a20ff4a5e7f\tts_segments\45af7626-9ec0-4daa-8b43-8a20ff4a5e7f_tts_0009.wav
[45af7626-9ec0-4daa-8b43-8a20ff4a5e7f] Synthesizing segment 11/12: SPEAKER_00 - 'Thank you....'
Coqui TTS not installed. Install with: pip install TTS
Coqui TTS not installed. Install with: pip install TTS
pyttsx3 TTS: synthesized to C:\Users\Deepak John\Desktop\speechdub\media\jobs\45af7626-9ec0-4daa-8b43-8a20ff4a5e7f\tts_segments\45af7626-9ec0-4daa-8b43-8a20ff4a5e7f_tts_0010.wav
[45af7626-9ec0-4daa-8b43-8a20ff4a5e7f] Synthesizing segment 12/12: SPEAKER_00 - 'Thank you for watching!...'
Coqui TTS not installed. Install with: pip install TTS
Coqui TTS not installed. Install with: pip install TTS
pyttsx3 TTS: synthesized to C:\Users\Deepak John\Desktop\speechdub\media\jobs\45af7626-9ec0-4daa-8b43-8a20ff4a5e7f\tts_segments\45af7626-9ec0-4daa-8b43-8a20ff4a5e7f_tts_0011.wav
[45af7626-9ec0-4daa-8b43-8a20ff4a5e7f] Job updated: {'progress': 90, 'status_message': 'Speech synthesis done. Stitching audio...'}
[45af7626-9ec0-4daa-8b43-8a20ff4a5e7f] Stitching 12 audio segments...
Saved combined audio: C:\Users\Deepak John\Desktop\speechdub\media\jobs\45af7626-9ec0-4daa-8b43-8a20ff4a5e7f\45af7626-9ec0-4daa-8b43-8a20ff4a5e7f_dubbed.wav (31.3s)
[45af7626-9ec0-4daa-8b43-8a20ff4a5e7f] Stitching done: 11/12 valid segments, total duration: 31.3s
[45af7626-9ec0-4daa-8b43-8a20ff4a5e7f] Job updated: {'progress': 95, 'status_message': 'Audio ready. Building transcript...'}
[45af7626-9ec0-4daa-8b43-8a20ff4a5e7f] ========== PIPELINE COMPLETE ==========
[45af7626-9ec0-4daa-8b43-8a20ff4a5e7f] Speakers: 2, Segments: 12
Watching for file changes with StatReloader
Watching for file changes with StatReloader
[76750e84-67d5-493e-8628-12f61804d3b4] ========== PIPELINE START ==========
[76750e84-67d5-493e-8628-12f61804d3b4] Job updated: {'status': 'preprocessing', 'progress': 5, 'status_message': 'Preprocessing audio (convert, denoise, normalize)...'}
[76750e84-67d5-493e-8628-12f61804d3b4] Starting preprocessing: C:\Users\Deepak John\Desktop\speechdub\media\uploads\input2.wav
Converted C:\Users\Deepak John\Desktop\speechdub\media\uploads\input2.wav -> C:\Users\Deepak John\Desktop\speechdub\media\jobs\76750e84-67d5-493e-8628-12f61804d3b4\76750e84-67d5-493e-8628-12f61804d3b4_raw.wav
[76750e84-67d5-493e-8628-12f61804d3b4] Duration: 124.7s
[76750e84-67d5-493e-8628-12f61804d3b4] Loaded 1995802 samples at 16000Hz
[76750e84-67d5-493e-8628-12f61804d3b4] Noise reduction done
[76750e84-67d5-493e-8628-12f61804d3b4] Normalization done
[76750e84-67d5-493e-8628-12f61804d3b4] Saved processed WAV: C:\Users\Deepak John\Desktop\speechdub\media\jobs\76750e84-67d5-493e-8628-12f61804d3b4\76750e84-67d5-493e-8628-12f61804d3b4_processed.wav
[76750e84-67d5-493e-8628-12f61804d3b4] Preprocessing done. Duration=124.7s
[76750e84-67d5-493e-8628-12f61804d3b4] Job updated: {'processed_wav': 'jobs\\76750e84-67d5-493e-8628-12f61804d3b4\\76750e84-67d5-493e-8628-12f61804d3b4_processed.wav', 'progress': 15, 'status_message': 'Audio ready (124.7s). Running speaker diarization...'}
[76750e84-67d5-493e-8628-12f61804d3b4] Job updated: {'status': 'diarizing', 'progress': 20, 'status_message': 'Detecting speakers (this may take 1-2 min)...'}
[76750e84-67d5-493e-8628-12f61804d3b4] Starting diarization: C:\Users\Deepak John\Desktop\speechdub\media\jobs\76750e84-67d5-493e-8628-12f61804d3b4\76750e84-67d5-493e-8628-12f61804d3b4_processed.wav
Loading pyannote pipeline...
HTTP Request: HEAD https://huggingface.co/pyannote/speaker-diarization-3.1/resolve/main/config.yaml "HTTP/1.1 200 OK"
HTTP Request: HEAD https://huggingface.co/pyannote/segmentation-3.0/resolve/main/pytorch_model.bin "HTTP/1.1 302 Found"
HTTP Request: HEAD https://huggingface.co/pyannote/speaker-diarization-community-1/resolve/main/plda/xvec_transform.npz "HTTP/1.1 302 Found"
HTTP Request: HEAD https://huggingface.co/pyannote/speaker-diarization-community-1/resolve/main/plda/plda.npz "HTTP/1.1 302 Found"
HTTP Request: HEAD https://huggingface.co/pyannote/wespeaker-voxceleb-resnet34-LM/resolve/main/pytorch_model.bin "HTTP/1.1 302 Found"
Running diarization on C:\Users\Deepak John\Desktop\speechdub\media\jobs\76750e84-67d5-493e-8628-12f61804d3b4\76750e84-67d5-493e-8628-12f61804d3b4_processed.wav, max_speakers=4
Diarization done: 61 segments
[76750e84-67d5-493e-8628-12f61804d3b4] Detected 1 speaker(s), 23 segments
[76750e84-67d5-493e-8628-12f61804d3b4] Job updated: {'num_speakers': 1, 'progress': 35, 'status_message': 'Detected 1 speaker(s), 23 segments. Transcribing...'}
[76750e84-67d5-493e-8628-12f61804d3b4] Job updated: {'status': 'transcribing', 'progress': 40, 'status_message': 'Transcribing speech with Whisper...'}
Loading Whisper model: medium
Whisper model loaded successfully
Detected language: ta (confidence: 0.99)
[76750e84-67d5-493e-8628-12f61804d3b4] Overall audio language: ta
[76750e84-67d5-493e-8628-12f61804d3b4] Transcribing segment 1/23: SPEAKER_00 [0.1s - 4.7s]
Transcribed: '?????....' lang=ta conf=0.43
[76750e84-67d5-493e-8628-12f61804d3b4] Transcribing segment 2/23: SPEAKER_00 [5.4s - 6.7s]
Transcribed: '??? ???? ?????????????, ?????? ??....' lang=ta conf=0.65
[76750e84-67d5-493e-8628-12f61804d3b4] Transcribing segment 3/23: SPEAKER_00 [7.6s - 8.7s]
Transcribed: '???? ??????? ???????????????? ????...' lang=ta conf=0.66
[76750e84-67d5-493e-8628-12f61804d3b4] Transcribing segment 4/23: SPEAKER_00 [10.0s - 11.1s]
Transcribed: '??????? ??????????????? ?????....' lang=ta conf=0.56
[76750e84-67d5-493e-8628-12f61804d3b4] Transcribing segment 5/23: SPEAKER_00 [14.2s - 22.1s]
Transcribed: '???? ????????????, ???????, ?????? ???????, ????????? ??????...' lang=ta conf=0.67
[76750e84-67d5-493e-8628-12f61804d3b4] Transcribing segment 6/23: SPEAKER_00 [26.2s - 33.7s]
Transcribed: '??????? ????? ?????, ??????? ?????. ???, ????? ??? 6 ?????? ...' lang=ta conf=0.72
[76750e84-67d5-493e-8628-12f61804d3b4] Transcribing segment 7/23: SPEAKER_00 [35.6s - 39.6s]
Transcribed: '???? ??????? ??????????. ???? ?????? ??????????. ???, ??????...' lang=ta conf=0.66
[76750e84-67d5-493e-8628-12f61804d3b4] Transcribing segment 8/23: SPEAKER_00 [40.4s - 44.5s]
Transcribed: '1, 2, 3, 4, 5, 6, 6th pillar. Sairam....' lang=ta conf=0.55
[76750e84-67d5-493e-8628-12f61804d3b4] Transcribing segment 9/23: SPEAKER_00 [46.0s - 47.9s]
Transcribed: '??? ??????? ?????? ?????????....' lang=ta conf=0.70
[76750e84-67d5-493e-8628-12f61804d3b4] Transcribing segment 10/23: SPEAKER_00 [49.7s - 50.7s]
Transcribed: 'English signal ????....' lang=ta conf=0.48
[76750e84-67d5-493e-8628-12f61804d3b4] Transcribing segment 11/23: SPEAKER_00 [51.4s - 58.0s]
Transcribed: 'Who can it be? Brother! Ayoo! Takkar! Zhu Bakkar! Bro! Bro! ...' lang=ta conf=0.05
[76750e84-67d5-493e-8628-12f61804d3b4] Transcribing segment 12/23: SPEAKER_00 [58.9s - 67.3s]
Transcribed: '???? ??? ???????????! ?????! ??? ?????????? ???? ??????????!...' lang=ta conf=0.60
[76750e84-67d5-493e-8628-12f61804d3b4] Transcribing segment 13/23: SPEAKER_00 [68.2s - 71.0s]
Transcribed: 'One hour later...' lang=ta conf=0.49
[76750e84-67d5-493e-8628-12f61804d3b4] Transcribing segment 14/23: SPEAKER_00 [72.2s - 82.5s]
Transcribed: '???? ??????????? ?????????? ????... ????? ???? ????????? ???...' lang=ta conf=0.39
[76750e84-67d5-493e-8628-12f61804d3b4] Transcribing segment 15/23: SPEAKER_00 [85.3s - 89.1s]
Transcribed: '???? ????? ????? ??????????????????. ???, ?????????? ???????...' lang=ta conf=0.68
[76750e84-67d5-493e-8628-12f61804d3b4] Transcribing segment 16/23: SPEAKER_00 [91.0s - 92.0s]
Transcribed: '???? ?????????? ???????????....' lang=ta conf=0.54
[76750e84-67d5-493e-8628-12f61804d3b4] Transcribing segment 17/23: SPEAKER_00 [94.1s - 96.0s]
[cfa22bf2-56fb-47bd-8a4d-bdc2ad32f9a2] ========== PIPELINE START ==========
[cfa22bf2-56fb-47bd-8a4d-bdc2ad32f9a2] Job updated: {'status': 'preprocessing', 'progress': 5, 'status_message': 'Preprocessing audio (convert, denoise, normalize)...'}
[cfa22bf2-56fb-47bd-8a4d-bdc2ad32f9a2] Starting preprocessing: C:\Users\Deepak John\Desktop\speechdub\media\uploads\WhatsApp_Audio_2026-03-09_at_12_4tKnmO5.34.12_PM.ogg
Converted C:\Users\Deepak John\Desktop\speechdub\media\uploads\WhatsApp_Audio_2026-03-09_at_12_4tKnmO5.34.12_PM.ogg -> C:\Users\Deepak John\Desktop\speechdub\media\jobs\cfa22bf2-56fb-47bd-8a4d-bdc2ad32f9a2\cfa22bf2-56fb-47bd-8a4d-bdc2ad32f9a2_raw.wav
[cfa22bf2-56fb-47bd-8a4d-bdc2ad32f9a2] Duration: 37.0s
[cfa22bf2-56fb-47bd-8a4d-bdc2ad32f9a2] Loaded 592285 samples at 16000Hz
[cfa22bf2-56fb-47bd-8a4d-bdc2ad32f9a2] Noise reduction done
[cfa22bf2-56fb-47bd-8a4d-bdc2ad32f9a2] Normalization done
[cfa22bf2-56fb-47bd-8a4d-bdc2ad32f9a2] Saved processed WAV: C:\Users\Deepak John\Desktop\speechdub\media\jobs\cfa22bf2-56fb-47bd-8a4d-bdc2ad32f9a2\cfa22bf2-56fb-47bd-8a4d-bdc2ad32f9a2_processed.wav
[cfa22bf2-56fb-47bd-8a4d-bdc2ad32f9a2] Preprocessing done. Duration=37.0s
[cfa22bf2-56fb-47bd-8a4d-bdc2ad32f9a2] Job updated: {'processed_wav': 'jobs\\cfa22bf2-56fb-47bd-8a4d-bdc2ad32f9a2\\cfa22bf2-56fb-47bd-8a4d-bdc2ad32f9a2_processed.wav', 'progress': 15, 'status_message': 'Audio ready (37.0s). Running speaker diarization...'}
[cfa22bf2-56fb-47bd-8a4d-bdc2ad32f9a2] Job updated: {'status': 'diarizing', 'progress': 20, 'status_message': 'Detecting speakers (this may take 1-2 min)...'}
[cfa22bf2-56fb-47bd-8a4d-bdc2ad32f9a2] Starting diarization: C:\Users\Deepak John\Desktop\speechdub\media\jobs\cfa22bf2-56fb-47bd-8a4d-bdc2ad32f9a2\cfa22bf2-56fb-47bd-8a4d-bdc2ad32f9a2_processed.wav
Loading pyannote pipeline...
HTTP Request: HEAD https://huggingface.co/pyannote/speaker-diarization-3.1/resolve/main/config.yaml "HTTP/1.1 200 OK"
HTTP Request: HEAD https://huggingface.co/pyannote/segmentation-3.0/resolve/main/pytorch_model.bin "HTTP/1.1 302 Found"
HTTP Request: HEAD https://huggingface.co/pyannote/speaker-diarization-community-1/resolve/main/plda/xvec_transform.npz "HTTP/1.1 302 Found"
HTTP Request: HEAD https://huggingface.co/pyannote/speaker-diarization-community-1/resolve/main/plda/plda.npz "HTTP/1.1 302 Found"
HTTP Request: HEAD https://huggingface.co/pyannote/wespeaker-voxceleb-resnet34-LM/resolve/main/pytorch_model.bin "HTTP/1.1 302 Found"
Running diarization on C:\Users\Deepak John\Desktop\speechdub\media\jobs\cfa22bf2-56fb-47bd-8a4d-bdc2ad32f9a2\cfa22bf2-56fb-47bd-8a4d-bdc2ad32f9a2_processed.wav, max_speakers=4
Diarization done: 3 segments
[cfa22bf2-56fb-47bd-8a4d-bdc2ad32f9a2] Detected 1 speaker(s), 1 segments
[cfa22bf2-56fb-47bd-8a4d-bdc2ad32f9a2] Job updated: {'num_speakers': 1, 'progress': 35, 'status_message': 'Detected 1 speaker(s), 1 segments. Transcribing...'}
[cfa22bf2-56fb-47bd-8a4d-bdc2ad32f9a2] Job updated: {'status': 'transcribing', 'progress': 40, 'status_message': 'Transcribing speech with Whisper...'}
Detected language: ta (confidence: 0.99)
[cfa22bf2-56fb-47bd-8a4d-bdc2ad32f9a2] Overall audio language: ta
[cfa22bf2-56fb-47bd-8a4d-bdc2ad32f9a2] Transcribing segment 1/1: SPEAKER_00 [1.3s - 37.0s]
Transcription failed: cannot reshape tensor of 0 elements into shape [1, 0, 16, -1] because the unspecified dimension size -1 can be any value and is ambiguous
[76750e84-67d5-493e-8628-12f61804d3b4] Transcribing segment 18/23: SPEAKER_00 [96.5s - 100.9s]
Transcription failed: Linear(in_features=1024, out_features=1024, bias=True)
[cfa22bf2-56fb-47bd-8a4d-bdc2ad32f9a2] Transcription complete: 1 segments
[cfa22bf2-56fb-47bd-8a4d-bdc2ad32f9a2] Job updated: {'progress': 55, 'status_message': 'Transcription done. Normalizing Tamil text...'}
[cfa22bf2-56fb-47bd-8a4d-bdc2ad32f9a2] Job updated: {'progress': 60, 'status_message': 'Normalization done. Translating to English...'}
[cfa22bf2-56fb-47bd-8a4d-bdc2ad32f9a2] Job updated: {'status': 'translating', 'progress': 62, 'status_message': 'Translating Tamil -> English...'}
[cfa22bf2-56fb-47bd-8a4d-bdc2ad32f9a2] Job updated: {'progress': 70, 'status_message': 'Translation done. Profiling speakers...'}
[cfa22bf2-56fb-47bd-8a4d-bdc2ad32f9a2] Profiling speaker: SPEAKER_00
  Segment pitch: 197.5 Hz (duration=35.7s)
Speaker SPEAKER_00 pitches: [197.5]
Speaker SPEAKER_00 median pitch: 197.5 Hz
Speaker SPEAKER_00: gender=female, pitch=197.5Hz, duration=35.7s
[cfa22bf2-56fb-47bd-8a4d-bdc2ad32f9a2] Job updated: {'progress': 75, 'status_message': 'Profiles ready. Synthesizing English speech...'}
[cfa22bf2-56fb-47bd-8a4d-bdc2ad32f9a2] Job updated: {'status': 'synthesizing', 'progress': 78, 'status_message': 'Generating dubbed English speech...'}
[cfa22bf2-56fb-47bd-8a4d-bdc2ad32f9a2] Job updated: {'progress': 90, 'status_message': 'Speech synthesis done. Stitching audio...'}
[cfa22bf2-56fb-47bd-8a4d-bdc2ad32f9a2] Stitching 1 audio segments...
Saved combined audio: C:\Users\Deepak John\Desktop\speechdub\media\jobs\cfa22bf2-56fb-47bd-8a4d-bdc2ad32f9a2\cfa22bf2-56fb-47bd-8a4d-bdc2ad32f9a2_dubbed.wav (0.8s)
[cfa22bf2-56fb-47bd-8a4d-bdc2ad32f9a2] Stitching done: 0/1 valid segments, total duration: 0.8s
[cfa22bf2-56fb-47bd-8a4d-bdc2ad32f9a2] Job updated: {'progress': 95, 'status_message': 'Audio ready. Building transcript...'}
[cfa22bf2-56fb-47bd-8a4d-bdc2ad32f9a2] ========== PIPELINE COMPLETE ==========
[cfa22bf2-56fb-47bd-8a4d-bdc2ad32f9a2] Speakers: 1, Segments: 1
Not Found: /favicon.ico
Transcribed: '??? ???????? ?????? ??????????????,??????? ??????????,????? ...' lang=ta conf=0.54
[76750e84-67d5-493e-8628-12f61804d3b4] Transcribing segment 19/23: SPEAKER_00 [101.4s - 102.8s]
Transcribed: '?????????????????? ???????????....' lang=ta conf=0.48
[76750e84-67d5-493e-8628-12f61804d3b4] Transcribing segment 20/23: SPEAKER_00 [104.1s - 107.0s]
Transcribed: '????? ???????, ??????????. ????, ????????????? ??????????? ?...' lang=ta conf=0.62
[76750e84-67d5-493e-8628-12f61804d3b4] Transcribing segment 21/23: SPEAKER_00 [113.3s - 115.2s]
Segment extraction failed for segment 20: Command '['ffmpeg', '-y', '-ss', '113.34659375000001', '-t', '1.805624999999992', '-i', 'C:\\Users\\Deepak John\\Desktop\\speechdub\\media\\jobs\\76750e84-67d5-493e-8628-12f61804d3b4\\76750e84-67d5-493e-8628-12f61804d3b4_processed.wav', '-ar', '16000', '-ac', '1', 'C:\\Users\\Deepak John\\Desktop\\speechdub\\media\\jobs\\76750e84-67d5-493e-8628-12f61804d3b4\\asr_segments\\76750e84-67d5-493e-8628-12f61804d3b4_seg_0020.wav']' returned non-zero exit status 4294967294.
[76750e84-67d5-493e-8628-12f61804d3b4] Transcribing segment 22/23: SPEAKER_00 [118.6s - 122.3s]
Segment extraction failed for segment 21: Command '['ffmpeg', '-y', '-ss', '118.59471875000001', '-t', '3.746249999999989', '-i', 'C:\\Users\\Deepak John\\Desktop\\speechdub\\media\\jobs\\76750e84-67d5-493e-8628-12f61804d3b4\\76750e84-67d5-493e-8628-12f61804d3b4_processed.wav', '-ar', '16000', '-ac', '1', 'C:\\Users\\Deepak John\\Desktop\\speechdub\\media\\jobs\\76750e84-67d5-493e-8628-12f61804d3b4\\asr_segments\\76750e84-67d5-493e-8628-12f61804d3b4_seg_0021.wav']' returned non-zero exit status 4294967294.
[76750e84-67d5-493e-8628-12f61804d3b4] Transcribing segment 23/23: SPEAKER_00 [123.1s - 124.6s]
Segment extraction failed for segment 22: Command '['ffmpeg', '-y', '-ss', '123.13409375', '-t', '1.4849999999999994', '-i', 'C:\\Users\\Deepak John\\Desktop\\speechdub\\media\\jobs\\76750e84-67d5-493e-8628-12f61804d3b4\\76750e84-67d5-493e-8628-12f61804d3b4_processed.wav', '-ar', '16000', '-ac', '1', 'C:\\Users\\Deepak John\\Desktop\\speechdub\\media\\jobs\\76750e84-67d5-493e-8628-12f61804d3b4\\asr_segments\\76750e84-67d5-493e-8628-12f61804d3b4_seg_0022.wav']' returned non-zero exit status 4294967294.
[76750e84-67d5-493e-8628-12f61804d3b4] Transcription complete: 23 segments
[76750e84-67d5-493e-8628-12f61804d3b4] Job updated: {'progress': 55, 'status_message': 'Transcription done. Normalizing Tamil text...'}
[76750e84-67d5-493e-8628-12f61804d3b4] Job updated: {'progress': 60, 'status_message': 'Normalization done. Translating to English...'}
[76750e84-67d5-493e-8628-12f61804d3b4] Job updated: {'status': 'translating', 'progress': 62, 'status_message': 'Translating Tamil -> English...'}
Loading IndicTrans2 model: ai4bharat/indictrans2-indic-en-1B
HTTP Request: HEAD https://huggingface.co/ai4bharat/indictrans2-indic-en-1B/resolve/main/config.json "HTTP/1.1 401 Unauthorized"
HTTP Request: HEAD https://huggingface.co/ai4bharat/indictrans2-indic-en-1B/resolve/main/config.json "HTTP/1.1 401 Unauthorized"
IndicTrans2 load failed: You are trying to access a gated repo.
Make sure to have access to it at https://huggingface.co/ai4bharat/indictrans2-indic-en-1B.
401 Client Error. (Request ID: Root=1-69da57e2-3ee1a1d6550b713752dac374;f0f3b8b8-4b7b-45fe-bd6d-a7b9c5b3eba0)

Cannot access gated repo for url https://huggingface.co/ai4bharat/indictrans2-indic-en-1B/resolve/main/config.json.
Access to model ai4bharat/indictrans2-indic-en-1B is restricted. You must have access to it and be authenticated to access it. Please log in.
[7eb7b7af-e5bf-4a3e-8c9c-dc7bc8db35f6] ========== PIPELINE START ==========
[7eb7b7af-e5bf-4a3e-8c9c-dc7bc8db35f6] Job updated: {'status': 'preprocessing', 'progress': 5, 'status_message': 'Preprocessing audio (convert, denoise, normalize)...'}
[7eb7b7af-e5bf-4a3e-8c9c-dc7bc8db35f6] Starting preprocessing: C:\Users\Deepak John\Desktop\speechdub\media\uploads\WhatsApp_Audio_2026-03-09_at_12_yOHfU5X.34.12_PM.ogg
Converted C:\Users\Deepak John\Desktop\speechdub\media\uploads\WhatsApp_Audio_2026-03-09_at_12_yOHfU5X.34.12_PM.ogg -> C:\Users\Deepak John\Desktop\speechdub\media\jobs\7eb7b7af-e5bf-4a3e-8c9c-dc7bc8db35f6\7eb7b7af-e5bf-4a3e-8c9c-dc7bc8db35f6_raw.wav
[7eb7b7af-e5bf-4a3e-8c9c-dc7bc8db35f6] Duration: 37.0s
[7eb7b7af-e5bf-4a3e-8c9c-dc7bc8db35f6] Loaded 592285 samples at 16000Hz
[7eb7b7af-e5bf-4a3e-8c9c-dc7bc8db35f6] Noise reduction done
[7eb7b7af-e5bf-4a3e-8c9c-dc7bc8db35f6] Normalization done
[7eb7b7af-e5bf-4a3e-8c9c-dc7bc8db35f6] Saved processed WAV: C:\Users\Deepak John\Desktop\speechdub\media\jobs\7eb7b7af-e5bf-4a3e-8c9c-dc7bc8db35f6\7eb7b7af-e5bf-4a3e-8c9c-dc7bc8db35f6_processed.wav
[7eb7b7af-e5bf-4a3e-8c9c-dc7bc8db35f6] Preprocessing done. Duration=37.0s
[7eb7b7af-e5bf-4a3e-8c9c-dc7bc8db35f6] Job updated: {'processed_wav': 'jobs\\7eb7b7af-e5bf-4a3e-8c9c-dc7bc8db35f6\\7eb7b7af-e5bf-4a3e-8c9c-dc7bc8db35f6_processed.wav', 'progress': 15, 'status_message': 'Audio ready (37.0s). Running speaker diarization...'}
[7eb7b7af-e5bf-4a3e-8c9c-dc7bc8db35f6] Job updated: {'status': 'diarizing', 'progress': 20, 'status_message': 'Detecting speakers (this may take 1-2 min)...'}
[7eb7b7af-e5bf-4a3e-8c9c-dc7bc8db35f6] Starting diarization: C:\Users\Deepak John\Desktop\speechdub\media\jobs\7eb7b7af-e5bf-4a3e-8c9c-dc7bc8db35f6\7eb7b7af-e5bf-4a3e-8c9c-dc7bc8db35f6_processed.wav
Loading pyannote pipeline...
HTTP Request: HEAD https://huggingface.co/pyannote/speaker-diarization-3.1/resolve/main/config.yaml "HTTP/1.1 200 OK"
Loading IndicTrans2 model: ai4bharat/indictrans2-indic-en-1B
HTTP Request: HEAD https://huggingface.co/pyannote/segmentation-3.0/resolve/main/pytorch_model.bin "HTTP/1.1 302 Found"
HTTP Request: HEAD https://huggingface.co/ai4bharat/indictrans2-indic-en-1B/resolve/main/config.json "HTTP/1.1 401 Unauthorized"
HTTP Request: HEAD https://huggingface.co/ai4bharat/indictrans2-indic-en-1B/resolve/main/config.json "HTTP/1.1 401 Unauthorized"
HTTP Request: HEAD https://huggingface.co/pyannote/speaker-diarization-community-1/resolve/main/plda/xvec_transform.npz "HTTP/1.1 302 Found"
IndicTrans2 load failed: You are trying to access a gated repo.
Make sure to have access to it at https://huggingface.co/ai4bharat/indictrans2-indic-en-1B.
401 Client Error. (Request ID: Root=1-69da5805-68e272a35bb66d941628ab05;9b41a4f1-c61e-42a6-b903-0d35df3054ae)

Cannot access gated repo for url https://huggingface.co/ai4bharat/indictrans2-indic-en-1B/resolve/main/config.json.
Access to model ai4bharat/indictrans2-indic-en-1B is restricted. You must have access to it and be authenticated to access it. Please log in.
HTTP Request: HEAD https://huggingface.co/pyannote/speaker-diarization-community-1/resolve/main/plda/plda.npz "HTTP/1.1 302 Found"
HTTP Request: HEAD https://huggingface.co/pyannote/wespeaker-voxceleb-resnet34-LM/resolve/main/pytorch_model.bin "HTTP/1.1 302 Found"
Running diarization on C:\Users\Deepak John\Desktop\speechdub\media\jobs\7eb7b7af-e5bf-4a3e-8c9c-dc7bc8db35f6\7eb7b7af-e5bf-4a3e-8c9c-dc7bc8db35f6_processed.wav, max_speakers=2
Loading IndicTrans2 model: ai4bharat/indictrans2-indic-en-1B
'[Errno 11001] getaddrinfo failed' thrown while requesting HEAD https://huggingface.co/ai4bharat/indictrans2-indic-en-1B/resolve/main/config.json
Retrying in 1s [Retry 1/5].
'[Errno 11001] getaddrinfo failed' thrown while requesting HEAD https://huggingface.co/ai4bharat/indictrans2-indic-en-1B/resolve/main/config.json
Retrying in 1s [Retry 1/5].
IndicTrans2 load failed: Can't load the configuration of 'ai4bharat/indictrans2-indic-en-1B'. If you were trying to load it from 'https://huggingface.co/models', make sure you don't have a local directory with the same name. Otherwise, make sure 'ai4bharat/indictrans2-indic-en-1B' is the correct path to a directory containing a config.json file
Loading IndicTrans2 model: ai4bharat/indictrans2-indic-en-1B
HTTP Request: HEAD https://huggingface.co/ai4bharat/indictrans2-indic-en-1B/resolve/main/config.json "HTTP/1.1 401 Unauthorized"
HTTP Request: HEAD https://huggingface.co/ai4bharat/indictrans2-indic-en-1B/resolve/main/config.json "HTTP/1.1 401 Unauthorized"
IndicTrans2 load failed: You are trying to access a gated repo.
Make sure to have access to it at https://huggingface.co/ai4bharat/indictrans2-indic-en-1B.
401 Client Error. (Request ID: Root=1-69da58b1-758a97a40fdf6b1e12fd9201;8d1bb64b-09ea-4a24-9a77-bee952205280)

Cannot access gated repo for url https://huggingface.co/ai4bharat/indictrans2-indic-en-1B/resolve/main/config.json.
Access to model ai4bharat/indictrans2-indic-en-1B is restricted. You must have access to it and be authenticated to access it. Please log in.
Diarization done: 3 segments
[7eb7b7af-e5bf-4a3e-8c9c-dc7bc8db35f6] Detected 1 speaker(s), 1 segments
[7eb7b7af-e5bf-4a3e-8c9c-dc7bc8db35f6] Job updated: {'num_speakers': 1, 'progress': 35, 'status_message': 'Detected 1 speaker(s), 1 segments. Transcribing...'}
[7eb7b7af-e5bf-4a3e-8c9c-dc7bc8db35f6] Job updated: {'status': 'transcribing', 'progress': 40, 'status_message': 'Transcribing speech with Whisper...'}
Detected language: ta (confidence: 0.98)
[7eb7b7af-e5bf-4a3e-8c9c-dc7bc8db35f6] Overall audio language: ta
[7eb7b7af-e5bf-4a3e-8c9c-dc7bc8db35f6] Transcribing segment 1/1: SPEAKER_00 [1.3s - 37.0s]
Loading IndicTrans2 model: ai4bharat/indictrans2-indic-en-1B
HTTP Request: HEAD https://huggingface.co/ai4bharat/indictrans2-indic-en-1B/resolve/main/config.json "HTTP/1.1 401 Unauthorized"
HTTP Request: HEAD https://huggingface.co/ai4bharat/indictrans2-indic-en-1B/resolve/main/config.json "HTTP/1.1 401 Unauthorized"
IndicTrans2 load failed: You are trying to access a gated repo.
Make sure to have access to it at https://huggingface.co/ai4bharat/indictrans2-indic-en-1B.
401 Client Error. (Request ID: Root=1-69da58f7-278bcb98049411e94eaf9cae;8ede797b-4089-4adb-bcbc-0ece54872a23)

Cannot access gated repo for url https://huggingface.co/ai4bharat/indictrans2-indic-en-1B/resolve/main/config.json.
Access to model ai4bharat/indictrans2-indic-en-1B is restricted. You must have access to it and be authenticated to access it. Please log in.
Transcription failed: cannot reshape tensor of 0 elements into shape [1, 0, 16, -1] because the unspecified dimension size -1 can be any value and is ambiguous
[7eb7b7af-e5bf-4a3e-8c9c-dc7bc8db35f6] Transcription complete: 1 segments
[7eb7b7af-e5bf-4a3e-8c9c-dc7bc8db35f6] Job updated: {'progress': 55, 'status_message': 'Transcription done. Normalizing Tamil text...'}
[7eb7b7af-e5bf-4a3e-8c9c-dc7bc8db35f6] Job updated: {'progress': 60, 'status_message': 'Normalization done. Translating to English...'}
[7eb7b7af-e5bf-4a3e-8c9c-dc7bc8db35f6] Job updated: {'status': 'translating', 'progress': 62, 'status_message': 'Translating Tamil -> English...'}
[7eb7b7af-e5bf-4a3e-8c9c-dc7bc8db35f6] Job updated: {'progress': 70, 'status_message': 'Translation done. Profiling speakers...'}
[7eb7b7af-e5bf-4a3e-8c9c-dc7bc8db35f6] Profiling speaker: SPEAKER_00
  Segment pitch: 197.5 Hz (duration=35.7s)
Speaker SPEAKER_00 pitches: [197.5]
Speaker SPEAKER_00 median pitch: 197.5 Hz
Speaker SPEAKER_00: gender=female, pitch=197.5Hz, duration=35.7s
[7eb7b7af-e5bf-4a3e-8c9c-dc7bc8db35f6] Job updated: {'progress': 75, 'status_message': 'Profiles ready. Synthesizing English speech...'}
[7eb7b7af-e5bf-4a3e-8c9c-dc7bc8db35f6] Job updated: {'status': 'synthesizing', 'progress': 78, 'status_message': 'Generating dubbed English speech...'}
[7eb7b7af-e5bf-4a3e-8c9c-dc7bc8db35f6] Job updated: {'progress': 90, 'status_message': 'Speech synthesis done. Stitching audio...'}
[7eb7b7af-e5bf-4a3e-8c9c-dc7bc8db35f6] Stitching 1 audio segments...
Saved combined audio: C:\Users\Deepak John\Desktop\speechdub\media\jobs\7eb7b7af-e5bf-4a3e-8c9c-dc7bc8db35f6\7eb7b7af-e5bf-4a3e-8c9c-dc7bc8db35f6_dubbed.wav (0.8s)
[7eb7b7af-e5bf-4a3e-8c9c-dc7bc8db35f6] Stitching done: 0/1 valid segments, total duration: 0.8s
[7eb7b7af-e5bf-4a3e-8c9c-dc7bc8db35f6] Job updated: {'progress': 95, 'status_message': 'Audio ready. Building transcript...'}
[7eb7b7af-e5bf-4a3e-8c9c-dc7bc8db35f6] ========== PIPELINE COMPLETE ==========
[7eb7b7af-e5bf-4a3e-8c9c-dc7bc8db35f6] Speakers: 1, Segments: 1
Not Found: /favicon.ico
Loading IndicTrans2 model: ai4bharat/indictrans2-indic-en-1B
HTTP Request: HEAD https://huggingface.co/ai4bharat/indictrans2-indic-en-1B/resolve/main/config.json "HTTP/1.1 401 Unauthorized"
HTTP Request: HEAD https://huggingface.co/ai4bharat/indictrans2-indic-en-1B/resolve/main/config.json "HTTP/1.1 401 Unauthorized"
IndicTrans2 load failed: You are trying to access a gated repo.
Make sure to have access to it at https://huggingface.co/ai4bharat/indictrans2-indic-en-1B.
401 Client Error. (Request ID: Root=1-69da591c-102934957299886c6859b9aa;edbfefd8-437d-44a3-ae02-cfade1d64046)

Cannot access gated repo for url https://huggingface.co/ai4bharat/indictrans2-indic-en-1B/resolve/main/config.json.
Access to model ai4bharat/indictrans2-indic-en-1B is restricted. You must have access to it and be authenticated to access it. Please log in.
Loading IndicTrans2 model: ai4bharat/indictrans2-indic-en-1B
HTTP Request: HEAD https://huggingface.co/ai4bharat/indictrans2-indic-en-1B/resolve/main/config.json "HTTP/1.1 401 Unauthorized"
HTTP Request: HEAD https://huggingface.co/ai4bharat/indictrans2-indic-en-1B/resolve/main/config.json "HTTP/1.1 401 Unauthorized"
IndicTrans2 load failed: You are trying to access a gated repo.
Make sure to have access to it at https://huggingface.co/ai4bharat/indictrans2-indic-en-1B.
401 Client Error. (Request ID: Root=1-69da593e-48e7e6846c0427cf3355ac91;4459a65a-11eb-4aac-8d9c-b18f79105647)

Cannot access gated repo for url https://huggingface.co/ai4bharat/indictrans2-indic-en-1B/resolve/main/config.json.
Access to model ai4bharat/indictrans2-indic-en-1B is restricted. You must have access to it and be authenticated to access it. Please log in.
Loading IndicTrans2 model: ai4bharat/indictrans2-indic-en-1B
HTTP Request: HEAD https://huggingface.co/ai4bharat/indictrans2-indic-en-1B/resolve/main/config.json "HTTP/1.1 401 Unauthorized"
HTTP Request: HEAD https://huggingface.co/ai4bharat/indictrans2-indic-en-1B/resolve/main/config.json "HTTP/1.1 401 Unauthorized"
IndicTrans2 load failed: You are trying to access a gated repo.
Make sure to have access to it at https://huggingface.co/ai4bharat/indictrans2-indic-en-1B.
401 Client Error. (Request ID: Root=1-69da5960-2c57e034795e52845d7b7ed2;e1633af1-f864-4478-8c2f-4693e189a1d1)

Cannot access gated repo for url https://huggingface.co/ai4bharat/indictrans2-indic-en-1B/resolve/main/config.json.
Access to model ai4bharat/indictrans2-indic-en-1B is restricted. You must have access to it and be authenticated to access it. Please log in.
Loading IndicTrans2 model: ai4bharat/indictrans2-indic-en-1B
'[Errno 11001] getaddrinfo failed' thrown while requesting HEAD https://huggingface.co/ai4bharat/indictrans2-indic-en-1B/resolve/main/config.json
Retrying in 1s [Retry 1/5].
'[Errno 11001] getaddrinfo failed' thrown while requesting HEAD https://huggingface.co/ai4bharat/indictrans2-indic-en-1B/resolve/main/config.json
Retrying in 1s [Retry 1/5].
IndicTrans2 load failed: Can't load the configuration of 'ai4bharat/indictrans2-indic-en-1B'. If you were trying to load it from 'https://huggingface.co/models', make sure you don't have a local directory with the same name. Otherwise, make sure 'ai4bharat/indictrans2-indic-en-1B' is the correct path to a directory containing a config.json file
Loading IndicTrans2 model: ai4bharat/indictrans2-indic-en-1B
'[Errno 11001] getaddrinfo failed' thrown while requesting HEAD https://huggingface.co/ai4bharat/indictrans2-indic-en-1B/resolve/main/config.json
Retrying in 1s [Retry 1/5].
'[Errno 11001] getaddrinfo failed' thrown while requesting HEAD https://huggingface.co/ai4bharat/indictrans2-indic-en-1B/resolve/main/config.json
Retrying in 1s [Retry 1/5].
IndicTrans2 load failed: Can't load the configuration of 'ai4bharat/indictrans2-indic-en-1B'. If you were trying to load it from 'https://huggingface.co/models', make sure you don't have a local directory with the same name. Otherwise, make sure 'ai4bharat/indictrans2-indic-en-1B' is the correct path to a directory containing a config.json file
Watching for file changes with StatReloader
Watching for file changes with StatReloader
[9bcc8bff-5419-447e-9172-a58f283ac948] ========== PIPELINE START ==========
[9bcc8bff-5419-447e-9172-a58f283ac948] Job updated: {'status': 'preprocessing', 'progress': 5, 'status_message': 'Preprocessing audio (convert, denoise, normalize)...'}
[9bcc8bff-5419-447e-9172-a58f283ac948] Duration: 45.7s
[9bcc8bff-5419-447e-9172-a58f283ac948] Loaded 731893 samples at 16000Hz
[9bcc8bff-5419-447e-9172-a58f283ac948] Noise reduction done
[9bcc8bff-5419-447e-9172-a58f283ac948] Normalization done
[9bcc8bff-5419-447e-9172-a58f283ac948] Saved processed WAV: C:\Users\Deepak John\Desktop\speechdub\media\jobs\9bcc8bff-5419-447e-9172-a58f283ac948\9bcc8bff-5419-447e-9172-a58f283ac948_processed.wav
[9bcc8bff-5419-447e-9172-a58f283ac948] Preprocessing done. Duration=45.7s
[9bcc8bff-5419-447e-9172-a58f283ac948] Job updated: {'processed_wav': 'jobs\\9bcc8bff-5419-447e-9172-a58f283ac948\\9bcc8bff-5419-447e-9172-a58f283ac948_processed.wav', 'progress': 15, 'status_message': 'Audio ready (45.7s). Running speaker diarization...'}
[9bcc8bff-5419-447e-9172-a58f283ac948] Job updated: {'status': 'diarizing', 'progress': 20, 'status_message': 'Detecting speakers (this may take 1-2 min)...'}
[9bcc8bff-5419-447e-9172-a58f283ac948] Starting diarization: C:\Users\Deepak John\Desktop\speechdub\media\jobs\9bcc8bff-5419-447e-9172-a58f283ac948\9bcc8bff-5419-447e-9172-a58f283ac948_processed.wav
Loading pyannote pipeline...
HTTP Request: HEAD https://huggingface.co/pyannote/speaker-diarization-3.1/resolve/main/config.yaml "HTTP/1.1 200 OK"
HTTP Request: HEAD https://huggingface.co/pyannote/segmentation-3.0/resolve/main/pytorch_model.bin "HTTP/1.1 302 Found"
HTTP Request: HEAD https://huggingface.co/pyannote/speaker-diarization-community-1/resolve/main/plda/xvec_transform.npz "HTTP/1.1 302 Found"
HTTP Request: HEAD https://huggingface.co/pyannote/speaker-diarization-community-1/resolve/main/plda/plda.npz "HTTP/1.1 302 Found"
HTTP Request: HEAD https://huggingface.co/pyannote/wespeaker-voxceleb-resnet34-LM/resolve/main/pytorch_model.bin "HTTP/1.1 302 Found"
Running diarization on C:\Users\Deepak John\Desktop\speechdub\media\jobs\9bcc8bff-5419-447e-9172-a58f283ac948\9bcc8bff-5419-447e-9172-a58f283ac948_processed.wav, max_speakers=4
Diarization done: 26 segments
[9bcc8bff-5419-447e-9172-a58f283ac948] Detected 4 speaker(s), 16 segments
[9bcc8bff-5419-447e-9172-a58f283ac948] Job updated: {'num_speakers': 4, 'progress': 35, 'status_message': 'Detected 4 speaker(s), 16 segments. Transcribing...'}
[9bcc8bff-5419-447e-9172-a58f283ac948] Job updated: {'status': 'transcribing', 'progress': 40, 'status_message': 'Transcribing speech with Whisper...'}
Loading Whisper model: medium
Whisper model loaded successfully
Detected language: ta (confidence: 0.98)
[9bcc8bff-5419-447e-9172-a58f283ac948] Overall audio language: ta
[9bcc8bff-5419-447e-9172-a58f283ac948] Transcribing segment 1/16: SPEAKER_01 [0.0s - 4.3s]
Transcribed: '???? ????? ????????????? ???????????? ??? ????? ???? ?????, ...' lang=ta conf=0.69
[9bcc8bff-5419-447e-9172-a58f283ac948] Transcribing segment 2/16: SPEAKER_02 [2.7s - 5.2s]
Transcribed: '???????? ?????????????????? ???????????????? ?????????????....' lang=ta conf=0.53
[9bcc8bff-5419-447e-9172-a58f283ac948] Transcribing segment 3/16: SPEAKER_01 [5.3s - 7.5s]
Transcribed: '??????? ??????? ???????? ???????....' lang=ta conf=0.53
[9bcc8bff-5419-447e-9172-a58f283ac948] Transcribing segment 4/16: SPEAKER_02 [7.9s - 8.9s]
Transcribed: '??? ?????? ??????????????...' lang=ta conf=0.69
[9bcc8bff-5419-447e-9172-a58f283ac948] Transcribing segment 5/16: SPEAKER_01 [9.0s - 10.4s]
Transcribed: '??????? ??????????????????....' lang=ta conf=0.47
[9bcc8bff-5419-447e-9172-a58f283ac948] Transcribing segment 6/16: SPEAKER_02 [10.1s - 11.8s]
Transcribed: '????, ???? ????????????? ?????, ???????...' lang=ta conf=0.62
[9bcc8bff-5419-447e-9172-a58f283ac948] Transcribing segment 7/16: SPEAKER_01 [12.0s - 17.9s]
Transcribed: '???????? ????? ?????? ??????? ????????????, ??????????? ????...' lang=ta conf=0.75
[9bcc8bff-5419-447e-9172-a58f283ac948] Transcribing segment 8/16: SPEAKER_01 [18.6s - 19.6s]
Transcribed: '...' lang=ta conf=0.50
[9bcc8bff-5419-447e-9172-a58f283ac948] Transcribing segment 9/16: SPEAKER_00 [20.3s - 21.2s]
Transcribed: '?????????? ??????? ??????...' lang=ta conf=0.50
[9bcc8bff-5419-447e-9172-a58f283ac948] Transcribing segment 10/16: SPEAKER_01 [22.3s - 23.5s]
Transcribed: '??? ???????????? ??????? ??????????????...' lang=ta conf=0.60
[9bcc8bff-5419-447e-9172-a58f283ac948] Transcribing segment 11/16: SPEAKER_00 [24.1s - 25.0s]
Transcribed: '??????? ????? ??????....' lang=ta conf=0.63
[9bcc8bff-5419-447e-9172-a58f283ac948] Transcribing segment 12/16: SPEAKER_00 [28.9s - 29.7s]
Transcribed: '????<|es|>? ?????????????...' lang=ta conf=0.54
[9bcc8bff-5419-447e-9172-a58f283ac948] Transcribing segment 13/16: SPEAKER_00 [30.9s - 31.8s]
Transcribed: '??????????????....' lang=ta conf=0.62
[9bcc8bff-5419-447e-9172-a58f283ac948] Transcribing segment 14/16: SPEAKER_00 [33.1s - 34.0s]
Transcribed: '??????? ???? ?????????? ????...' lang=ta conf=0.59
[9bcc8bff-5419-447e-9172-a58f283ac948] Transcribing segment 15/16: SPEAKER_01 [34.7s - 40.2s]
Transcribed: '??????? ??????? ????. ???????. ??????? ?????, ???????????? ?...' lang=ta conf=0.68
[9bcc8bff-5419-447e-9172-a58f283ac948] Transcribing segment 16/16: SPEAKER_03 [39.0s - 40.6s]
Transcribed: '?????????? ?????????????.. ?????.....' lang=ta conf=0.62
[9bcc8bff-5419-447e-9172-a58f283ac948] Transcription complete: 16 segments
[9bcc8bff-5419-447e-9172-a58f283ac948] Job updated: {'progress': 55, 'status_message': 'Transcription done. Normalizing Tamil text...'}
[9bcc8bff-5419-447e-9172-a58f283ac948] Job updated: {'progress': 60, 'status_message': 'Normalization done. Translating to English...'}
[9bcc8bff-5419-447e-9172-a58f283ac948] Job updated: {'status': 'translating', 'progress': 62, 'status_message': 'Translating Tamil -> English...'}
Loading IndicTrans2 model: ai4bharat/indictrans2-indic-en-1B
HTTP Request: HEAD https://huggingface.co/ai4bharat/indictrans2-indic-en-1B/resolve/main/config.json "HTTP/1.1 401 Unauthorized"
HTTP Request: HEAD https://huggingface.co/ai4bharat/indictrans2-indic-en-1B/resolve/main/config.json "HTTP/1.1 401 Unauthorized"
IndicTrans2 load failed: You are trying to access a gated repo.
Make sure to have access to it at https://huggingface.co/ai4bharat/indictrans2-indic-en-1B.
401 Client Error. (Request ID: Root=1-69dcb8d7-32fb39477cbe612e17fd2ccb;5ffc1447-a98b-4a55-91b7-45692001d545)

Cannot access gated repo for url https://huggingface.co/ai4bharat/indictrans2-indic-en-1B/resolve/main/config.json.
Access to model ai4bharat/indictrans2-indic-en-1B is restricted. You must have access to it and be authenticated to access it. Please log in.
Loading IndicTrans2 model: ai4bharat/indictrans2-indic-en-1B
HTTP Request: HEAD https://huggingface.co/ai4bharat/indictrans2-indic-en-1B/resolve/main/config.json "HTTP/1.1 401 Unauthorized"
HTTP Request: HEAD https://huggingface.co/ai4bharat/indictrans2-indic-en-1B/resolve/main/config.json "HTTP/1.1 401 Unauthorized"
IndicTrans2 load failed: You are trying to access a gated repo.
Make sure to have access to it at https://huggingface.co/ai4bharat/indictrans2-indic-en-1B.
401 Client Error. (Request ID: Root=1-69dcb93b-655f235e0d8190e41c1712be;3c820b59-87dc-4b5b-abe8-049a4b0fcdc6)

Cannot access gated repo for url https://huggingface.co/ai4bharat/indictrans2-indic-en-1B/resolve/main/config.json.
Access to model ai4bharat/indictrans2-indic-en-1B is restricted. You must have access to it and be authenticated to access it. Please log in.
Using fallback dictionary translation
Loading IndicTrans2 model: ai4bharat/indictrans2-indic-en-1B
HTTP Request: HEAD https://huggingface.co/ai4bharat/indictrans2-indic-en-1B/resolve/main/config.json "HTTP/1.1 401 Unauthorized"
HTTP Request: HEAD https://huggingface.co/ai4bharat/indictrans2-indic-en-1B/resolve/main/config.json "HTTP/1.1 401 Unauthorized"
IndicTrans2 load failed: You are trying to access a gated repo.
Make sure to have access to it at https://huggingface.co/ai4bharat/indictrans2-indic-en-1B.
401 Client Error. (Request ID: Root=1-69dcb955-5ebf95c41c81466e6fa8e008;968d5a3e-b8fd-45b0-9d67-73309fd879d9)

Cannot access gated repo for url https://huggingface.co/ai4bharat/indictrans2-indic-en-1B/resolve/main/config.json.
Access to model ai4bharat/indictrans2-indic-en-1B is restricted. You must have access to it and be authenticated to access it. Please log in.
Loading IndicTrans2 model: ai4bharat/indictrans2-indic-en-1B
HTTP Request: HEAD https://huggingface.co/ai4bharat/indictrans2-indic-en-1B/resolve/main/config.json "HTTP/1.1 401 Unauthorized"
HTTP Request: HEAD https://huggingface.co/ai4bharat/indictrans2-indic-en-1B/resolve/main/config.json "HTTP/1.1 401 Unauthorized"
IndicTrans2 load failed: You are trying to access a gated repo.
Make sure to have access to it at https://huggingface.co/ai4bharat/indictrans2-indic-en-1B.
401 Client Error. (Request ID: Root=1-69dcb96d-4beed0904708803b5150926f;b590264e-2a7a-4353-baa7-c495442b1c85)

Cannot access gated repo for url https://huggingface.co/ai4bharat/indictrans2-indic-en-1B/resolve/main/config.json.
Access to model ai4bharat/indictrans2-indic-en-1B is restricted. You must have access to it and be authenticated to access it. Please log in.
Loading IndicTrans2 model: ai4bharat/indictrans2-indic-en-1B
HTTP Request: HEAD https://huggingface.co/ai4bharat/indictrans2-indic-en-1B/resolve/main/config.json "HTTP/1.1 401 Unauthorized"
HTTP Request: HEAD https://huggingface.co/ai4bharat/indictrans2-indic-en-1B/resolve/main/config.json "HTTP/1.1 401 Unauthorized"
IndicTrans2 load failed: You are trying to access a gated repo.
Make sure to have access to it at https://huggingface.co/ai4bharat/indictrans2-indic-en-1B.
401 Client Error. (Request ID: Root=1-69dcb986-426d03da3d3c3b293ca13e53;cd378205-ec0d-40db-945c-d0e63a6b489c)

Cannot access gated repo for url https://huggingface.co/ai4bharat/indictrans2-indic-en-1B/resolve/main/config.json.
Access to model ai4bharat/indictrans2-indic-en-1B is restricted. You must have access to it and be authenticated to access it. Please log in.
Loading IndicTrans2 model: ai4bharat/indictrans2-indic-en-1B
HTTP Request: HEAD https://huggingface.co/ai4bharat/indictrans2-indic-en-1B/resolve/main/config.json "HTTP/1.1 401 Unauthorized"
HTTP Request: HEAD https://huggingface.co/ai4bharat/indictrans2-indic-en-1B/resolve/main/config.json "HTTP/1.1 401 Unauthorized"
IndicTrans2 load failed: You are trying to access a gated repo.
Make sure to have access to it at https://huggingface.co/ai4bharat/indictrans2-indic-en-1B.
401 Client Error. (Request ID: Root=1-69dcba16-56cf8fa403336c0e11d43b29;2bf9e22f-ef17-44ad-b8ec-53dfd7704325)

Cannot access gated repo for url https://huggingface.co/ai4bharat/indictrans2-indic-en-1B/resolve/main/config.json.
Access to model ai4bharat/indictrans2-indic-en-1B is restricted. You must have access to it and be authenticated to access it. Please log in.
Loading IndicTrans2 model: ai4bharat/indictrans2-indic-en-1B
HTTP Request: HEAD https://huggingface.co/ai4bharat/indictrans2-indic-en-1B/resolve/main/config.json "HTTP/1.1 401 Unauthorized"
HTTP Request: HEAD https://huggingface.co/ai4bharat/indictrans2-indic-en-1B/resolve/main/config.json "HTTP/1.1 401 Unauthorized"
IndicTrans2 load failed: You are trying to access a gated repo.
Make sure to have access to it at https://huggingface.co/ai4bharat/indictrans2-indic-en-1B.
401 Client Error. (Request ID: Root=1-69dcbabc-162b66b87d40714e1a4f7c8c;1b5033a5-7ed3-406f-bd11-0368ea3f24af)

Cannot access gated repo for url https://huggingface.co/ai4bharat/indictrans2-indic-en-1B/resolve/main/config.json.
Access to model ai4bharat/indictrans2-indic-en-1B is restricted. You must have access to it and be authenticated to access it. Please log in.
Loading IndicTrans2 model: ai4bharat/indictrans2-indic-en-1B
HTTP Request: HEAD https://huggingface.co/ai4bharat/indictrans2-indic-en-1B/resolve/main/config.json "HTTP/1.1 401 Unauthorized"
HTTP Request: HEAD https://huggingface.co/ai4bharat/indictrans2-indic-en-1B/resolve/main/config.json "HTTP/1.1 401 Unauthorized"
IndicTrans2 load failed: You are trying to access a gated repo.
Make sure to have access to it at https://huggingface.co/ai4bharat/indictrans2-indic-en-1B.
401 Client Error. (Request ID: Root=1-69dcbad4-3d039d876e16284e472645d4;40989793-bed5-4518-9bee-49f2175e0301)

Cannot access gated repo for url https://huggingface.co/ai4bharat/indictrans2-indic-en-1B/resolve/main/config.json.
Access to model ai4bharat/indictrans2-indic-en-1B is restricted. You must have access to it and be authenticated to access it. Please log in.
Loading IndicTrans2 model: ai4bharat/indictrans2-indic-en-1B
HTTP Request: HEAD https://huggingface.co/ai4bharat/indictrans2-indic-en-1B/resolve/main/config.json "HTTP/1.1 401 Unauthorized"
HTTP Request: HEAD https://huggingface.co/ai4bharat/indictrans2-indic-en-1B/resolve/main/config.json "HTTP/1.1 401 Unauthorized"
IndicTrans2 load failed: You are trying to access a gated repo.
Make sure to have access to it at https://huggingface.co/ai4bharat/indictrans2-indic-en-1B.
401 Client Error. (Request ID: Root=1-69dcbaf0-33bda21230562d1e6dea7363;d9edeb0a-4573-4620-990c-293d051f6b24)

Cannot access gated repo for url https://huggingface.co/ai4bharat/indictrans2-indic-en-1B/resolve/main/config.json.
Access to model ai4bharat/indictrans2-indic-en-1B is restricted. You must have access to it and be authenticated to access it. Please log in.
Loading IndicTrans2 model: ai4bharat/indictrans2-indic-en-1B
HTTP Request: HEAD https://huggingface.co/ai4bharat/indictrans2-indic-en-1B/resolve/main/config.json "HTTP/1.1 401 Unauthorized"
HTTP Request: HEAD https://huggingface.co/ai4bharat/indictrans2-indic-en-1B/resolve/main/config.json "HTTP/1.1 401 Unauthorized"
IndicTrans2 load failed: You are trying to access a gated repo.
Make sure to have access to it at https://huggingface.co/ai4bharat/indictrans2-indic-en-1B.
401 Client Error. (Request ID: Root=1-69dcbb15-3e03a68646f8a0ce082dc99c;42bb8c3d-dc17-4d21-a9b6-99d1355318ee)

Cannot access gated repo for url https://huggingface.co/ai4bharat/indictrans2-indic-en-1B/resolve/main/config.json.
Access to model ai4bharat/indictrans2-indic-en-1B is restricted. You must have access to it and be authenticated to access it. Please log in.
Loading IndicTrans2 model: ai4bharat/indictrans2-indic-en-1B
HTTP Request: HEAD https://huggingface.co/ai4bharat/indictrans2-indic-en-1B/resolve/main/config.json "HTTP/1.1 401 Unauthorized"
HTTP Request: HEAD https://huggingface.co/ai4bharat/indictrans2-indic-en-1B/resolve/main/config.json "HTTP/1.1 401 Unauthorized"
IndicTrans2 load failed: You are trying to access a gated repo.
Make sure to have access to it at https://huggingface.co/ai4bharat/indictrans2-indic-en-1B.
401 Client Error. (Request ID: Root=1-69dcbb39-20755a677a39fa575c7a6ea3;23af8744-1a9c-463d-97dc-da638bacc2f1)

Cannot access gated repo for url https://huggingface.co/ai4bharat/indictrans2-indic-en-1B/resolve/main/config.json.
Access to model ai4bharat/indictrans2-indic-en-1B is restricted. You must have access to it and be authenticated to access it. Please log in.
Not Found: /.well-known/appspecific/com.chrome.devtools.json
Loading IndicTrans2 model: ai4bharat/indictrans2-indic-en-1B
HTTP Request: HEAD https://huggingface.co/ai4bharat/indictrans2-indic-en-1B/resolve/main/config.json "HTTP/1.1 401 Unauthorized"
HTTP Request: HEAD https://huggingface.co/ai4bharat/indictrans2-indic-en-1B/resolve/main/config.json "HTTP/1.1 401 Unauthorized"
IndicTrans2 load failed: You are trying to access a gated repo.
Make sure to have access to it at https://huggingface.co/ai4bharat/indictrans2-indic-en-1B.
401 Client Error. (Request ID: Root=1-69dcbbc5-1c9b76e90e490c8f71d723fc;de097912-7fc8-4504-87a7-ba5249cb2663)

Cannot access gated repo for url https://huggingface.co/ai4bharat/indictrans2-indic-en-1B/resolve/main/config.json.
Access to model ai4bharat/indictrans2-indic-en-1B is restricted. You must have access to it and be authenticated to access it. Please log in.
Loading IndicTrans2 model: ai4bharat/indictrans2-indic-en-1B
HTTP Request: HEAD https://huggingface.co/ai4bharat/indictrans2-indic-en-1B/resolve/main/config.json "HTTP/1.1 401 Unauthorized"
HTTP Request: HEAD https://huggingface.co/ai4bharat/indictrans2-indic-en-1B/resolve/main/config.json "HTTP/1.1 401 Unauthorized"
IndicTrans2 load failed: You are trying to access a gated repo.
Make sure to have access to it at https://huggingface.co/ai4bharat/indictrans2-indic-en-1B.
401 Client Error. (Request ID: Root=1-69dcbbf3-59c5ba3040c1da243c684d81;96b84169-a5e4-4942-88cf-bb927389bf8f)

Cannot access gated repo for url https://huggingface.co/ai4bharat/indictrans2-indic-en-1B/resolve/main/config.json.
Access to model ai4bharat/indictrans2-indic-en-1B is restricted. You must have access to it and be authenticated to access it. Please log in.
Loading IndicTrans2 model: ai4bharat/indictrans2-indic-en-1B
HTTP Request: HEAD https://huggingface.co/ai4bharat/indictrans2-indic-en-1B/resolve/main/config.json "HTTP/1.1 401 Unauthorized"
HTTP Request: HEAD https://huggingface.co/ai4bharat/indictrans2-indic-en-1B/resolve/main/config.json "HTTP/1.1 401 Unauthorized"
IndicTrans2 load failed: You are trying to access a gated repo.
Make sure to have access to it at https://huggingface.co/ai4bharat/indictrans2-indic-en-1B.
401 Client Error. (Request ID: Root=1-69dcbc0a-4a827e8263c8fe464251817c;0b6e0d8e-529d-4eb1-ae37-e67ffdb92183)

Cannot access gated repo for url https://huggingface.co/ai4bharat/indictrans2-indic-en-1B/resolve/main/config.json.
Access to model ai4bharat/indictrans2-indic-en-1B is restricted. You must have access to it and be authenticated to access it. Please log in.
Loading IndicTrans2 model: ai4bharat/indictrans2-indic-en-1B
HTTP Request: HEAD https://huggingface.co/ai4bharat/indictrans2-indic-en-1B/resolve/main/config.json "HTTP/1.1 401 Unauthorized"
HTTP Request: HEAD https://huggingface.co/ai4bharat/indictrans2-indic-en-1B/resolve/main/config.json "HTTP/1.1 401 Unauthorized"
IndicTrans2 load failed: You are trying to access a gated repo.
Make sure to have access to it at https://huggingface.co/ai4bharat/indictrans2-indic-en-1B.
401 Client Error. (Request ID: Root=1-69dcbc34-1c9668447481e0737e63967e;57fbdb97-0253-4b44-85e7-ee70161b282e)

Cannot access gated repo for url https://huggingface.co/ai4bharat/indictrans2-indic-en-1B/resolve/main/config.json.
Access to model ai4bharat/indictrans2-indic-en-1B is restricted. You must have access to it and be authenticated to access it. Please log in.
[9bcc8bff-5419-447e-9172-a58f283ac948] Job updated: {'progress': 70, 'status_message': 'Translation done. Profiling speakers...'}
[9bcc8bff-5419-447e-9172-a58f283ac948] Profiling speaker: SPEAKER_00
Speaker SPEAKER_00: gender=unknown, pitch=0.0Hz, duration=4.5s
[9bcc8bff-5419-447e-9172-a58f283ac948] Profiling speaker: SPEAKER_01
  Segment pitch: 192.8 Hz (duration=4.3s)
  Segment pitch: 0.0 Hz (duration=2.2s)
  Segment pitch: 192.8 Hz (duration=1.4s)
  Segment pitch: 228.6 Hz (duration=5.9s)
  Segment pitch: 301.9 Hz (duration=1.2s)
  Segment pitch: 216.2 Hz (duration=5.5s)
Speaker SPEAKER_01 pitches: [192.8, 192.8, 228.6, 301.9, 216.2]
Speaker SPEAKER_01 median pitch: 216.2 Hz
Speaker SPEAKER_01: gender=female, pitch=216.2Hz, duration=21.5s
[9bcc8bff-5419-447e-9172-a58f283ac948] Profiling speaker: SPEAKER_02
  Segment pitch: 144.1 Hz (duration=2.5s)
  Segment pitch: 134.5 Hz (duration=1.7s)
Speaker SPEAKER_02 pitches: [144.1, 134.5]
Speaker SPEAKER_02 median pitch: 139.3 Hz
Speaker SPEAKER_02: gender=male, pitch=139.3Hz, duration=5.2s
[9bcc8bff-5419-447e-9172-a58f283ac948] Profiling speaker: SPEAKER_03
  Segment pitch: 148.8 Hz (duration=1.6s)
Speaker SPEAKER_03 pitches: [148.8]
Speaker SPEAKER_03 median pitch: 148.8 Hz
Speaker SPEAKER_03: gender=male, pitch=148.8Hz, duration=1.6s
[9bcc8bff-5419-447e-9172-a58f283ac948] Job updated: {'progress': 75, 'status_message': 'Profiles ready. Synthesizing English speech...'}
[9bcc8bff-5419-447e-9172-a58f283ac948] Job updated: {'status': 'synthesizing', 'progress': 78, 'status_message': 'Generating dubbed English speech...'}
[9bcc8bff-5419-447e-9172-a58f283ac948] Synthesizing segment 1/16: SPEAKER_01 - '???? ????? ????????????? ???????????? ??...'
Coqui TTS not installed. Install with: pip install TTS
Coqui TTS not installed. Install with: pip install TTS
Imported existing <module 'comtypes.gen' from 'C:\\Users\\Deepak John\\Desktop\\speechdub\\env\\lib\\site-packages\\comtypes\\gen\\__init__.py'>
Using writeable comtypes cache directory: 'C:\Users\Deepak John\Desktop\speechdub\env\lib\site-packages\comtypes\gen'
pyttsx3 TTS: synthesized to C:\Users\Deepak John\Desktop\speechdub\media\jobs\9bcc8bff-5419-447e-9172-a58f283ac948\tts_segments\9bcc8bff-5419-447e-9172-a58f283ac948_tts_0000.wav
[9bcc8bff-5419-447e-9172-a58f283ac948] Synthesizing segment 2/16: SPEAKER_02 - '???????? ?????????????????? ????????????...'
Coqui TTS not installed. Install with: pip install TTS
Coqui TTS not installed. Install with: pip install TTS
pyttsx3 TTS: synthesized to C:\Users\Deepak John\Desktop\speechdub\media\jobs\9bcc8bff-5419-447e-9172-a58f283ac948\tts_segments\9bcc8bff-5419-447e-9172-a58f283ac948_tts_0001.wav
[9bcc8bff-5419-447e-9172-a58f283ac948] Synthesizing segment 3/16: SPEAKER_01 - '??????? ??????? ???????? ???????....'
Coqui TTS not installed. Install with: pip install TTS
Coqui TTS not installed. Install with: pip install TTS
pyttsx3 TTS: synthesized to C:\Users\Deepak John\Desktop\speechdub\media\jobs\9bcc8bff-5419-447e-9172-a58f283ac948\tts_segments\9bcc8bff-5419-447e-9172-a58f283ac948_tts_0002.wav
[9bcc8bff-5419-447e-9172-a58f283ac948] Synthesizing segment 4/16: SPEAKER_02 - '??? ?????? ??????????????...'
Coqui TTS not installed. Install with: pip install TTS
Coqui TTS not installed. Install with: pip install TTS
pyttsx3 TTS: synthesized to C:\Users\Deepak John\Desktop\speechdub\media\jobs\9bcc8bff-5419-447e-9172-a58f283ac948\tts_segments\9bcc8bff-5419-447e-9172-a58f283ac948_tts_0003.wav
[9bcc8bff-5419-447e-9172-a58f283ac948] Synthesizing segment 5/16: SPEAKER_01 - '??????? ??????????????????....'
Coqui TTS not installed. Install with: pip install TTS
Coqui TTS not installed. Install with: pip install TTS
pyttsx3 TTS: synthesized to C:\Users\Deepak John\Desktop\speechdub\media\jobs\9bcc8bff-5419-447e-9172-a58f283ac948\tts_segments\9bcc8bff-5419-447e-9172-a58f283ac948_tts_0004.wav
[9bcc8bff-5419-447e-9172-a58f283ac948] Synthesizing segment 6/16: SPEAKER_02 - '????, ???? ????????????? ?????, ???????...'
Coqui TTS not installed. Install with: pip install TTS
Coqui TTS not installed. Install with: pip install TTS
pyttsx3 TTS: synthesized to C:\Users\Deepak John\Desktop\speechdub\media\jobs\9bcc8bff-5419-447e-9172-a58f283ac948\tts_segments\9bcc8bff-5419-447e-9172-a58f283ac948_tts_0005.wav
[9bcc8bff-5419-447e-9172-a58f283ac948] Synthesizing segment 7/16: SPEAKER_01 - '???????? ????? ?????? ??????? ??????????...'
Coqui TTS not installed. Install with: pip install TTS
Coqui TTS not installed. Install with: pip install TTS
pyttsx3 TTS: synthesized to C:\Users\Deepak John\Desktop\speechdub\media\jobs\9bcc8bff-5419-447e-9172-a58f283ac948\tts_segments\9bcc8bff-5419-447e-9172-a58f283ac948_tts_0006.wav
[9bcc8bff-5419-447e-9172-a58f283ac948] Synthesizing segment 9/16: SPEAKER_00 - '?????????? ??????? ??????...'
Coqui TTS not installed. Install with: pip install TTS
Coqui TTS not installed. Install with: pip install TTS
pyttsx3 TTS: synthesized to C:\Users\Deepak John\Desktop\speechdub\media\jobs\9bcc8bff-5419-447e-9172-a58f283ac948\tts_segments\9bcc8bff-5419-447e-9172-a58f283ac948_tts_0008.wav
[9bcc8bff-5419-447e-9172-a58f283ac948] Synthesizing segment 10/16: SPEAKER_01 - '??? ???????????? ??????? ??????????????...'
Coqui TTS not installed. Install with: pip install TTS
Coqui TTS not installed. Install with: pip install TTS
pyttsx3 TTS: synthesized to C:\Users\Deepak John\Desktop\speechdub\media\jobs\9bcc8bff-5419-447e-9172-a58f283ac948\tts_segments\9bcc8bff-5419-447e-9172-a58f283ac948_tts_0009.wav
[9bcc8bff-5419-447e-9172-a58f283ac948] Synthesizing segment 11/16: SPEAKER_00 - '??????? ????? ??????....'
Coqui TTS not installed. Install with: pip install TTS
Coqui TTS not installed. Install with: pip install TTS
pyttsx3 TTS: synthesized to C:\Users\Deepak John\Desktop\speechdub\media\jobs\9bcc8bff-5419-447e-9172-a58f283ac948\tts_segments\9bcc8bff-5419-447e-9172-a58f283ac948_tts_0010.wav
[9bcc8bff-5419-447e-9172-a58f283ac948] Synthesizing segment 12/16: SPEAKER_00 - '????<|es|>? ?????????????...'
Coqui TTS not installed. Install with: pip install TTS
Coqui TTS not installed. Install with: pip install TTS
pyttsx3 TTS: synthesized to C:\Users\Deepak John\Desktop\speechdub\media\jobs\9bcc8bff-5419-447e-9172-a58f283ac948\tts_segments\9bcc8bff-5419-447e-9172-a58f283ac948_tts_0011.wav
[9bcc8bff-5419-447e-9172-a58f283ac948] Synthesizing segment 13/16: SPEAKER_00 - '??????????????....'
Coqui TTS not installed. Install with: pip install TTS
Coqui TTS not installed. Install with: pip install TTS
pyttsx3 TTS: synthesized to C:\Users\Deepak John\Desktop\speechdub\media\jobs\9bcc8bff-5419-447e-9172-a58f283ac948\tts_segments\9bcc8bff-5419-447e-9172-a58f283ac948_tts_0012.wav
[9bcc8bff-5419-447e-9172-a58f283ac948] Synthesizing segment 14/16: SPEAKER_00 - '??????? ???? ?????????? ????...'
Coqui TTS not installed. Install with: pip install TTS
Coqui TTS not installed. Install with: pip install TTS
pyttsx3 TTS: synthesized to C:\Users\Deepak John\Desktop\speechdub\media\jobs\9bcc8bff-5419-447e-9172-a58f283ac948\tts_segments\9bcc8bff-5419-447e-9172-a58f283ac948_tts_0013.wav
[9bcc8bff-5419-447e-9172-a58f283ac948] Synthesizing segment 15/16: SPEAKER_01 - '??????? ??????? ????. ???????. ??????? ?...'
Coqui TTS not installed. Install with: pip install TTS
Coqui TTS not installed. Install with: pip install TTS
pyttsx3 TTS: synthesized to C:\Users\Deepak John\Desktop\speechdub\media\jobs\9bcc8bff-5419-447e-9172-a58f283ac948\tts_segments\9bcc8bff-5419-447e-9172-a58f283ac948_tts_0014.wav
[9bcc8bff-5419-447e-9172-a58f283ac948] Synthesizing segment 16/16: SPEAKER_03 - '?????????? ?????????????.. ?????.....'
Coqui TTS not installed. Install with: pip install TTS
Coqui TTS not installed. Install with: pip install TTS
pyttsx3 TTS: synthesized to C:\Users\Deepak John\Desktop\speechdub\media\jobs\9bcc8bff-5419-447e-9172-a58f283ac948\tts_segments\9bcc8bff-5419-447e-9172-a58f283ac948_tts_0015.wav
[9bcc8bff-5419-447e-9172-a58f283ac948] Job updated: {'progress': 90, 'status_message': 'Speech synthesis done. Stitching audio...'}
[9bcc8bff-5419-447e-9172-a58f283ac948] Stitching 16 audio segments...
Saved combined audio: C:\Users\Deepak John\Desktop\speechdub\media\jobs\9bcc8bff-5419-447e-9172-a58f283ac948\9bcc8bff-5419-447e-9172-a58f283ac948_dubbed.wav (46.9s)
[9bcc8bff-5419-447e-9172-a58f283ac948] Stitching done: 15/16 valid segments, total duration: 46.9s
[9bcc8bff-5419-447e-9172-a58f283ac948] Job updated: {'progress': 95, 'status_message': 'Audio ready. Building transcript...'}
[9bcc8bff-5419-447e-9172-a58f283ac948] ========== PIPELINE COMPLETE ==========
[9bcc8bff-5419-447e-9172-a58f283ac948] Speakers: 4, Segments: 16
Not Found: /.well-known/appspecific/com.chrome.devtools.json
Not Found: /favicon.ico
Not Found: /.well-known/appspecific/com.chrome.devtools.json
[e1a3926e-c846-4144-a045-bc502f0fa7d8] ========== PIPELINE START ==========
[e1a3926e-c846-4144-a045-bc502f0fa7d8] Job updated: {'status': 'preprocessing', 'progress': 5, 'status_message': 'Preprocessing audio (convert, denoise, normalize)...'}
[e1a3926e-c846-4144-a045-bc502f0fa7d8] Starting preprocessing: C:\Users\Deepak John\Desktop\speechdub\media\uploads\M._S._Bhaskar_on_His_Hilarious_Spider-Man_Dubbing_Story__MP3.mp3
Converted C:\Users\Deepak John\Desktop\speechdub\media\uploads\M._S._Bhaskar_on_His_Hilarious_Spider-Man_Dubbing_Story__MP3.mp3 -> C:\Users\Deepak John\Desktop\speechdub\media\jobs\e1a3926e-c846-4144-a045-bc502f0fa7d8\e1a3926e-c846-4144-a045-bc502f0fa7d8_raw.wav
[e1a3926e-c846-4144-a045-bc502f0fa7d8] Duration: 30.7s
[e1a3926e-c846-4144-a045-bc502f0fa7d8] Loaded 491149 samples at 16000Hz
[e1a3926e-c846-4144-a045-bc502f0fa7d8] Noise reduction done
[e1a3926e-c846-4144-a045-bc502f0fa7d8] Normalization done
[e1a3926e-c846-4144-a045-bc502f0fa7d8] Saved processed WAV: C:\Users\Deepak John\Desktop\speechdub\media\jobs\e1a3926e-c846-4144-a045-bc502f0fa7d8\e1a3926e-c846-4144-a045-bc502f0fa7d8_processed.wav
[e1a3926e-c846-4144-a045-bc502f0fa7d8] Preprocessing done. Duration=30.7s
[e1a3926e-c846-4144-a045-bc502f0fa7d8] Job updated: {'processed_wav': 'jobs\\e1a3926e-c846-4144-a045-bc502f0fa7d8\\e1a3926e-c846-4144-a045-bc502f0fa7d8_processed.wav', 'progress': 15, 'status_message': 'Audio ready (30.7s). Running speaker diarization...'}
[e1a3926e-c846-4144-a045-bc502f0fa7d8] Job updated: {'status': 'diarizing', 'progress': 20, 'status_message': 'Detecting speakers (this may take 1-2 min)...'}
[e1a3926e-c846-4144-a045-bc502f0fa7d8] Starting diarization: C:\Users\Deepak John\Desktop\speechdub\media\jobs\e1a3926e-c846-4144-a045-bc502f0fa7d8\e1a3926e-c846-4144-a045-bc502f0fa7d8_processed.wav
Loading pyannote pipeline...
HTTP Request: HEAD https://huggingface.co/pyannote/speaker-diarization-3.1/resolve/main/config.yaml "HTTP/1.1 200 OK"
HTTP Request: HEAD https://huggingface.co/pyannote/segmentation-3.0/resolve/main/pytorch_model.bin "HTTP/1.1 302 Found"
HTTP Request: HEAD https://huggingface.co/pyannote/speaker-diarization-community-1/resolve/main/plda/xvec_transform.npz "HTTP/1.1 302 Found"
HTTP Request: HEAD https://huggingface.co/pyannote/speaker-diarization-community-1/resolve/main/plda/plda.npz "HTTP/1.1 302 Found"
HTTP Request: HEAD https://huggingface.co/pyannote/wespeaker-voxceleb-resnet34-LM/resolve/main/pytorch_model.bin "HTTP/1.1 302 Found"
Running diarization on C:\Users\Deepak John\Desktop\speechdub\media\jobs\e1a3926e-c846-4144-a045-bc502f0fa7d8\e1a3926e-c846-4144-a045-bc502f0fa7d8_processed.wav, max_speakers=4
Diarization done: 8 segments
[e1a3926e-c846-4144-a045-bc502f0fa7d8] Detected 3 speaker(s), 4 segments
[e1a3926e-c846-4144-a045-bc502f0fa7d8] Job updated: {'num_speakers': 3, 'progress': 35, 'status_message': 'Detected 3 speaker(s), 4 segments. Transcribing...'}
[e1a3926e-c846-4144-a045-bc502f0fa7d8] Job updated: {'status': 'transcribing', 'progress': 40, 'status_message': 'Transcribing speech with Whisper...'}
Detected language: ta (confidence: 0.90)
[e1a3926e-c846-4144-a045-bc502f0fa7d8] Overall audio language: ta
[e1a3926e-c846-4144-a045-bc502f0fa7d8] Transcribing segment 1/4: SPEAKER_01 [0.5s - 5.0s]
Transcribed: '...' lang=ta conf=0.50
[e1a3926e-c846-4144-a045-bc502f0fa7d8] Transcribing segment 2/4: SPEAKER_02 [5.0s - 24.4s]
Transcribed: '...' lang=ta conf=0.50
[e1a3926e-c846-4144-a045-bc502f0fa7d8] Transcribing segment 3/4: SPEAKER_00 [26.2s - 28.2s]
Transcribed: '??? ???? ???????????, ?????? ???????? ???????? ?????????????...' lang=ta conf=0.68
[e1a3926e-c846-4144-a045-bc502f0fa7d8] Transcribing segment 4/4: SPEAKER_02 [29.0s - 30.1s]
Transcribed: '??? ???? ?????? ???? ??????? ?????????....' lang=ta conf=0.64
[e1a3926e-c846-4144-a045-bc502f0fa7d8] Transcription complete: 4 segments
[e1a3926e-c846-4144-a045-bc502f0fa7d8] Job updated: {'progress': 55, 'status_message': 'Transcription done. Normalizing Tamil text...'}
[e1a3926e-c846-4144-a045-bc502f0fa7d8] Job updated: {'progress': 60, 'status_message': 'Normalization done. Translating to English...'}
[e1a3926e-c846-4144-a045-bc502f0fa7d8] Job updated: {'status': 'translating', 'progress': 62, 'status_message': 'Translating Tamil -> English...'}
Loading IndicTrans2 model: ai4bharat/indictrans2-indic-en-1B
HTTP Request: HEAD https://huggingface.co/ai4bharat/indictrans2-indic-en-1B/resolve/main/config.json "HTTP/1.1 401 Unauthorized"
HTTP Request: HEAD https://huggingface.co/ai4bharat/indictrans2-indic-en-1B/resolve/main/config.json "HTTP/1.1 401 Unauthorized"
IndicTrans2 load failed: You are trying to access a gated repo.
Make sure to have access to it at https://huggingface.co/ai4bharat/indictrans2-indic-en-1B.
401 Client Error. (Request ID: Root=1-69dcc235-0eb984535ad880157c558de5;f2cf4f04-f2f8-4209-b8d1-7f06cef76b24)

Cannot access gated repo for url https://huggingface.co/ai4bharat/indictrans2-indic-en-1B/resolve/main/config.json.
Access to model ai4bharat/indictrans2-indic-en-1B is restricted. You must have access to it and be authenticated to access it. Please log in.
Loading IndicTrans2 model: ai4bharat/indictrans2-indic-en-1B
HTTP Request: HEAD https://huggingface.co/ai4bharat/indictrans2-indic-en-1B/resolve/main/config.json "HTTP/1.1 401 Unauthorized"
HTTP Request: HEAD https://huggingface.co/ai4bharat/indictrans2-indic-en-1B/resolve/main/config.json "HTTP/1.1 401 Unauthorized"
IndicTrans2 load failed: You are trying to access a gated repo.
Make sure to have access to it at https://huggingface.co/ai4bharat/indictrans2-indic-en-1B.
401 Client Error. (Request ID: Root=1-69dcc2e2-11a85a036655253e459bbf41;ba227d64-fe5b-48e0-99c1-771247354872)

Cannot access gated repo for url https://huggingface.co/ai4bharat/indictrans2-indic-en-1B/resolve/main/config.json.
Access to model ai4bharat/indictrans2-indic-en-1B is restricted. You must have access to it and be authenticated to access it. Please log in.
[e1a3926e-c846-4144-a045-bc502f0fa7d8] Job updated: {'progress': 70, 'status_message': 'Translation done. Profiling speakers...'}
[e1a3926e-c846-4144-a045-bc502f0fa7d8] Profiling speaker: SPEAKER_00
  Segment pitch: 271.2 Hz (duration=2.1s)
Speaker SPEAKER_00 pitches: [271.2]
Speaker SPEAKER_00 median pitch: 271.2 Hz
Speaker SPEAKER_00: gender=female, pitch=271.2Hz, duration=2.1s
[e1a3926e-c846-4144-a045-bc502f0fa7d8] Profiling speaker: SPEAKER_01
  Segment pitch: 193.9 Hz (duration=4.4s)
Speaker SPEAKER_01 pitches: [193.9]
Speaker SPEAKER_01 median pitch: 193.9 Hz
Speaker SPEAKER_01: gender=female, pitch=193.9Hz, duration=4.4s
[e1a3926e-c846-4144-a045-bc502f0fa7d8] Profiling speaker: SPEAKER_02
  Segment pitch: 170.2 Hz (duration=19.4s)
  Segment pitch: 175.8 Hz (duration=1.1s)
Speaker SPEAKER_02 pitches: [170.2, 175.8]
Speaker SPEAKER_02 median pitch: 173.0 Hz
Speaker SPEAKER_02: gender=male, pitch=173.0Hz, duration=20.6s
[e1a3926e-c846-4144-a045-bc502f0fa7d8] Job updated: {'progress': 75, 'status_message': 'Profiles ready. Synthesizing English speech...'}
[e1a3926e-c846-4144-a045-bc502f0fa7d8] Job updated: {'status': 'synthesizing', 'progress': 78, 'status_message': 'Generating dubbed English speech...'}
[e1a3926e-c846-4144-a045-bc502f0fa7d8] Synthesizing segment 3/4: SPEAKER_00 - '??? ???? ???????????, ?????? ???????? ??...'
Coqui TTS not installed. Install with: pip install TTS
Coqui TTS not installed. Install with: pip install TTS
pyttsx3 TTS: synthesized to C:\Users\Deepak John\Desktop\speechdub\media\jobs\e1a3926e-c846-4144-a045-bc502f0fa7d8\tts_segments\e1a3926e-c846-4144-a045-bc502f0fa7d8_tts_0002.wav
[e1a3926e-c846-4144-a045-bc502f0fa7d8] Synthesizing segment 4/4: SPEAKER_02 - '??? ???? ?????? ???? ??????? ?????????....'
Coqui TTS not installed. Install with: pip install TTS
Coqui TTS not installed. Install with: pip install TTS
pyttsx3 TTS: synthesized to C:\Users\Deepak John\Desktop\speechdub\media\jobs\e1a3926e-c846-4144-a045-bc502f0fa7d8\tts_segments\e1a3926e-c846-4144-a045-bc502f0fa7d8_tts_0003.wav
[e1a3926e-c846-4144-a045-bc502f0fa7d8] Job updated: {'progress': 90, 'status_message': 'Speech synthesis done. Stitching audio...'}
[e1a3926e-c846-4144-a045-bc502f0fa7d8] Stitching 4 audio segments...
Saved combined audio: C:\Users\Deepak John\Desktop\speechdub\media\jobs\e1a3926e-c846-4144-a045-bc502f0fa7d8\e1a3926e-c846-4144-a045-bc502f0fa7d8_dubbed.wav (7.2s)
[e1a3926e-c846-4144-a045-bc502f0fa7d8] Stitching done: 2/4 valid segments, total duration: 7.2s
[e1a3926e-c846-4144-a045-bc502f0fa7d8] Job updated: {'progress': 95, 'status_message': 'Audio ready. Building transcript...'}
[e1a3926e-c846-4144-a045-bc502f0fa7d8] ========== PIPELINE COMPLETE ==========
[e1a3926e-c846-4144-a045-bc502f0fa7d8] Speakers: 3, Segments: 4
Not Found: /favicon.ico
[59b6f52e-42aa-4717-a1d4-326e7992b055] ========== PIPELINE START ==========
[59b6f52e-42aa-4717-a1d4-326e7992b055] Job updated: {'status': 'preprocessing', 'progress': 5, 'status_message': 'Preprocessing audio (convert, denoise, normalize)...'}
[59b6f52e-42aa-4717-a1d4-326e7992b055] Starting preprocessing: C:\Users\Deepak John\Desktop\speechdub\media\uploads\WhatsApp_Audio_2026-03-09_at_12_c1JPUya.34.12_PM.ogg
Converted C:\Users\Deepak John\Desktop\speechdub\media\uploads\WhatsApp_Audio_2026-03-09_at_12_c1JPUya.34.12_PM.ogg -> C:\Users\Deepak John\Desktop\speechdub\media\jobs\59b6f52e-42aa-4717-a1d4-326e7992b055\59b6f52e-42aa-4717-a1d4-326e7992b055_raw.wav
[59b6f52e-42aa-4717-a1d4-326e7992b055] Duration: 37.0s
[59b6f52e-42aa-4717-a1d4-326e7992b055] Loaded 592285 samples at 16000Hz
[59b6f52e-42aa-4717-a1d4-326e7992b055] Noise reduction done
[59b6f52e-42aa-4717-a1d4-326e7992b055] Normalization done
[59b6f52e-42aa-4717-a1d4-326e7992b055] Saved processed WAV: C:\Users\Deepak John\Desktop\speechdub\media\jobs\59b6f52e-42aa-4717-a1d4-326e7992b055\59b6f52e-42aa-4717-a1d4-326e7992b055_processed.wav
[59b6f52e-42aa-4717-a1d4-326e7992b055] Preprocessing done. Duration=37.0s
[59b6f52e-42aa-4717-a1d4-326e7992b055] Job updated: {'processed_wav': 'jobs\\59b6f52e-42aa-4717-a1d4-326e7992b055\\59b6f52e-42aa-4717-a1d4-326e7992b055_processed.wav', 'progress': 15, 'status_message': 'Audio ready (37.0s). Running speaker diarization...'}
[59b6f52e-42aa-4717-a1d4-326e7992b055] Job updated: {'status': 'diarizing', 'progress': 20, 'status_message': 'Detecting speakers (this may take 1-2 min)...'}
[59b6f52e-42aa-4717-a1d4-326e7992b055] Starting diarization: C:\Users\Deepak John\Desktop\speechdub\media\jobs\59b6f52e-42aa-4717-a1d4-326e7992b055\59b6f52e-42aa-4717-a1d4-326e7992b055_processed.wav
Loading pyannote pipeline...
HTTP Request: HEAD https://huggingface.co/pyannote/speaker-diarization-3.1/resolve/main/config.yaml "HTTP/1.1 200 OK"
HTTP Request: HEAD https://huggingface.co/pyannote/segmentation-3.0/resolve/main/pytorch_model.bin "HTTP/1.1 302 Found"
HTTP Request: HEAD https://huggingface.co/pyannote/speaker-diarization-community-1/resolve/main/plda/xvec_transform.npz "HTTP/1.1 302 Found"
HTTP Request: HEAD https://huggingface.co/pyannote/speaker-diarization-community-1/resolve/main/plda/plda.npz "HTTP/1.1 302 Found"
HTTP Request: HEAD https://huggingface.co/pyannote/wespeaker-voxceleb-resnet34-LM/resolve/main/pytorch_model.bin "HTTP/1.1 302 Found"
Running diarization on C:\Users\Deepak John\Desktop\speechdub\media\jobs\59b6f52e-42aa-4717-a1d4-326e7992b055\59b6f52e-42aa-4717-a1d4-326e7992b055_processed.wav, max_speakers=4
Diarization done: 3 segments
[59b6f52e-42aa-4717-a1d4-326e7992b055] Detected 1 speaker(s), 1 segments
[59b6f52e-42aa-4717-a1d4-326e7992b055] Job updated: {'num_speakers': 1, 'progress': 35, 'status_message': 'Detected 1 speaker(s), 1 segments. Transcribing...'}
[59b6f52e-42aa-4717-a1d4-326e7992b055] Job updated: {'status': 'transcribing', 'progress': 40, 'status_message': 'Transcribing speech with Whisper...'}
Detected language: ta (confidence: 0.97)
[59b6f52e-42aa-4717-a1d4-326e7992b055] Overall audio language: ta
[59b6f52e-42aa-4717-a1d4-326e7992b055] Transcribing segment 1/1: SPEAKER_00 [1.3s - 37.0s]
Transcribed: 'This is my project. In this project, please watch as if you ...' lang=ta conf=0.48
[59b6f52e-42aa-4717-a1d4-326e7992b055] Transcription complete: 1 segments
[59b6f52e-42aa-4717-a1d4-326e7992b055] Job updated: {'progress': 55, 'status_message': 'Transcription done. Normalizing Tamil text...'}
[59b6f52e-42aa-4717-a1d4-326e7992b055] Job updated: {'progress': 60, 'status_message': 'Normalization done. Translating to English...'}
[59b6f52e-42aa-4717-a1d4-326e7992b055] Job updated: {'status': 'translating', 'progress': 62, 'status_message': 'Translating Tamil -> English...'}
Loading IndicTrans2 model: ai4bharat/indictrans2-indic-en-1B
HTTP Request: HEAD https://huggingface.co/ai4bharat/indictrans2-indic-en-1B/resolve/main/config.json "HTTP/1.1 401 Unauthorized"
HTTP Request: HEAD https://huggingface.co/ai4bharat/indictrans2-indic-en-1B/resolve/main/config.json "HTTP/1.1 401 Unauthorized"
IndicTrans2 load failed: You are trying to access a gated repo.
Make sure to have access to it at https://huggingface.co/ai4bharat/indictrans2-indic-en-1B.
401 Client Error. (Request ID: Root=1-69dcc551-2e2eb36c211f095233eedf9d;595c6a64-4784-45b4-b852-a28f790d30bf)

Cannot access gated repo for url https://huggingface.co/ai4bharat/indictrans2-indic-en-1B/resolve/main/config.json.
Access to model ai4bharat/indictrans2-indic-en-1B is restricted. You must have access to it and be authenticated to access it. Please log in.
[59b6f52e-42aa-4717-a1d4-326e7992b055] Job updated: {'progress': 70, 'status_message': 'Translation done. Profiling speakers...'}
[59b6f52e-42aa-4717-a1d4-326e7992b055] Profiling speaker: SPEAKER_00
  Segment pitch: 197.5 Hz (duration=35.7s)
Speaker SPEAKER_00 pitches: [197.5]
Speaker SPEAKER_00 median pitch: 197.5 Hz
Speaker SPEAKER_00: gender=female, pitch=197.5Hz, duration=35.7s
[59b6f52e-42aa-4717-a1d4-326e7992b055] Job updated: {'progress': 75, 'status_message': 'Profiles ready. Synthesizing English speech...'}
[59b6f52e-42aa-4717-a1d4-326e7992b055] Job updated: {'status': 'synthesizing', 'progress': 78, 'status_message': 'Generating dubbed English speech...'}
[59b6f52e-42aa-4717-a1d4-326e7992b055] Synthesizing segment 1/1: SPEAKER_00 - 'This is my project. In this project, ple...'
Coqui TTS not installed. Install with: pip install TTS
Coqui TTS not installed. Install with: pip install TTS
pyttsx3 TTS: synthesized to C:\Users\Deepak John\Desktop\speechdub\media\jobs\59b6f52e-42aa-4717-a1d4-326e7992b055\tts_segments\59b6f52e-42aa-4717-a1d4-326e7992b055_tts_0000.wav
[59b6f52e-42aa-4717-a1d4-326e7992b055] Job updated: {'progress': 90, 'status_message': 'Speech synthesis done. Stitching audio...'}
[59b6f52e-42aa-4717-a1d4-326e7992b055] Stitching 1 audio segments...
Saved combined audio: C:\Users\Deepak John\Desktop\speechdub\media\jobs\59b6f52e-42aa-4717-a1d4-326e7992b055\59b6f52e-42aa-4717-a1d4-326e7992b055_dubbed.wav (26.8s)
[59b6f52e-42aa-4717-a1d4-326e7992b055] Stitching done: 1/1 valid segments, total duration: 26.8s
[59b6f52e-42aa-4717-a1d4-326e7992b055] Job updated: {'progress': 95, 'status_message': 'Audio ready. Building transcript...'}
[59b6f52e-42aa-4717-a1d4-326e7992b055] ========== PIPELINE COMPLETE ==========
[59b6f52e-42aa-4717-a1d4-326e7992b055] Speakers: 1, Segments: 1
Not Found: /favicon.ico
Watching for file changes with StatReloader
Watching for file changes with StatReloader
[c14fcf06-4cad-4d28-925e-51f5689b0386] ========== PIPELINE START ==========
[c14fcf06-4cad-4d28-925e-51f5689b0386] Job updated: {'status': 'preprocessing', 'progress': 5, 'status_message': 'Preprocessing audio (convert, denoise, normalize)...'}
[c14fcf06-4cad-4d28-925e-51f5689b0386] Duration: 45.7s
[c14fcf06-4cad-4d28-925e-51f5689b0386] Loaded 731893 samples at 16000Hz
[c14fcf06-4cad-4d28-925e-51f5689b0386] Noise reduction done
[c14fcf06-4cad-4d28-925e-51f5689b0386] Normalization done
[c14fcf06-4cad-4d28-925e-51f5689b0386] Saved processed WAV: C:\Users\Deepak John\Desktop\speechdub\media\jobs\c14fcf06-4cad-4d28-925e-51f5689b0386\c14fcf06-4cad-4d28-925e-51f5689b0386_processed.wav
[c14fcf06-4cad-4d28-925e-51f5689b0386] Preprocessing done. Duration=45.7s
[c14fcf06-4cad-4d28-925e-51f5689b0386] Job updated: {'processed_wav': 'jobs\\c14fcf06-4cad-4d28-925e-51f5689b0386\\c14fcf06-4cad-4d28-925e-51f5689b0386_processed.wav', 'progress': 15, 'status_message': 'Audio ready (45.7s). Running speaker diarization...'}
[c14fcf06-4cad-4d28-925e-51f5689b0386] Job updated: {'status': 'diarizing', 'progress': 20, 'status_message': 'Detecting speakers (this may take 1-2 min)...'}
[c14fcf06-4cad-4d28-925e-51f5689b0386] Starting diarization: C:\Users\Deepak John\Desktop\speechdub\media\jobs\c14fcf06-4cad-4d28-925e-51f5689b0386\c14fcf06-4cad-4d28-925e-51f5689b0386_processed.wav
Loading pyannote pipeline...
HTTP Request: HEAD https://huggingface.co/pyannote/speaker-diarization-3.1/resolve/main/config.yaml "HTTP/1.1 200 OK"
HTTP Request: HEAD https://huggingface.co/pyannote/segmentation-3.0/resolve/main/pytorch_model.bin "HTTP/1.1 302 Found"
HTTP Request: HEAD https://huggingface.co/pyannote/speaker-diarization-community-1/resolve/main/plda/xvec_transform.npz "HTTP/1.1 302 Found"
HTTP Request: HEAD https://huggingface.co/pyannote/speaker-diarization-community-1/resolve/main/plda/plda.npz "HTTP/1.1 302 Found"
HTTP Request: HEAD https://huggingface.co/pyannote/wespeaker-voxceleb-resnet34-LM/resolve/main/pytorch_model.bin "HTTP/1.1 302 Found"
Running diarization on C:\Users\Deepak John\Desktop\speechdub\media\jobs\c14fcf06-4cad-4d28-925e-51f5689b0386\c14fcf06-4cad-4d28-925e-51f5689b0386_processed.wav, max_speakers=4
Diarization done: 26 segments
[c14fcf06-4cad-4d28-925e-51f5689b0386] Detected 4 speaker(s), 16 segments
[c14fcf06-4cad-4d28-925e-51f5689b0386] Job updated: {'num_speakers': 4, 'progress': 35, 'status_message': 'Detected 4 speaker(s), 16 segments. Transcribing...'}
[c14fcf06-4cad-4d28-925e-51f5689b0386] Job updated: {'status': 'transcribing', 'progress': 40, 'status_message': 'Transcribing speech with Whisper...'}
Loading Whisper model: medium
Whisper model loaded successfully
Detected language: ta (confidence: 0.98)
[c14fcf06-4cad-4d28-925e-51f5689b0386] Overall audio language: ta
[c14fcf06-4cad-4d28-925e-51f5689b0386] Transcribing segment 1/16: SPEAKER_01 [0.0s - 4.3s]
Transcribed: '???? ????? ????????????? ???????????? ??? ????? ???? ?????, ...' lang=ta conf=0.69
[c14fcf06-4cad-4d28-925e-51f5689b0386] Transcribing segment 2/16: SPEAKER_02 [2.7s - 5.2s]
Transcribed: '???????? ?????????????????? ???????????????? ?????????????....' lang=ta conf=0.53
[c14fcf06-4cad-4d28-925e-51f5689b0386] Transcribing segment 3/16: SPEAKER_01 [5.3s - 7.5s]
Transcribed: '??????? ??????? ???????? ???????....' lang=ta conf=0.53
[c14fcf06-4cad-4d28-925e-51f5689b0386] Transcribing segment 4/16: SPEAKER_02 [7.9s - 8.9s]
Transcribed: '??? ?????? ??????????????...' lang=ta conf=0.69
[c14fcf06-4cad-4d28-925e-51f5689b0386] Transcribing segment 5/16: SPEAKER_01 [9.0s - 10.4s]
Transcribed: '??????? ??????? ??????? ????????????!...' lang=ta conf=0.41
[c14fcf06-4cad-4d28-925e-51f5689b0386] Transcribing segment 6/16: SPEAKER_02 [10.1s - 11.8s]
Transcribed: '????, ???? ????????????? ?????, ???????...' lang=ta conf=0.62
[c14fcf06-4cad-4d28-925e-51f5689b0386] Transcribing segment 7/16: SPEAKER_01 [12.0s - 17.9s]
Transcribed: '???????? ????? ?????? ??????? ????????????, ??????????? ????...' lang=ta conf=0.75
[c14fcf06-4cad-4d28-925e-51f5689b0386] Transcribing segment 8/16: SPEAKER_01 [18.6s - 19.6s]
Transcribed: '???????????? ??????????????? ???????????....' lang=ta conf=0.53
[c14fcf06-4cad-4d28-925e-51f5689b0386] Transcribing segment 9/16: SPEAKER_00 [20.3s - 21.2s]
Transcribed: '?????????? ??????? ??????...' lang=ta conf=0.50
[c14fcf06-4cad-4d28-925e-51f5689b0386] Transcribing segment 10/16: SPEAKER_01 [22.3s - 23.5s]
Transcribed: '??? ???????????? ??????? ??????????????...' lang=ta conf=0.60
[c14fcf06-4cad-4d28-925e-51f5689b0386] Transcribing segment 11/16: SPEAKER_00 [24.1s - 25.0s]
Transcribed: '??????? ????? ??????....' lang=ta conf=0.63
[c14fcf06-4cad-4d28-925e-51f5689b0386] Transcribing segment 12/16: SPEAKER_00 [28.9s - 29.7s]
Transcribed: '????<|es|>? ?????????????...' lang=ta conf=0.54
[c14fcf06-4cad-4d28-925e-51f5689b0386] Transcribing segment 13/16: SPEAKER_00 [30.9s - 31.8s]
Transcribed: '??????????????....' lang=ta conf=0.62
[c14fcf06-4cad-4d28-925e-51f5689b0386] Transcribing segment 14/16: SPEAKER_00 [33.1s - 34.0s]
Transcribed: '??????? ???? ?????????? ????...' lang=ta conf=0.59
[c14fcf06-4cad-4d28-925e-51f5689b0386] Transcribing segment 15/16: SPEAKER_01 [34.7s - 40.2s]
Transcribed: '??????? ??????? ????. ???????. ??????? ?????, ???????????? ?...' lang=ta conf=0.68
[c14fcf06-4cad-4d28-925e-51f5689b0386] Transcribing segment 16/16: SPEAKER_03 [39.0s - 40.6s]
Transcribed: '?????????? ?????????????.. ?????.....' lang=ta conf=0.62
[c14fcf06-4cad-4d28-925e-51f5689b0386] Transcription complete: 16 segments
[c14fcf06-4cad-4d28-925e-51f5689b0386] Job updated: {'progress': 55, 'status_message': 'Transcription done. Normalizing Tamil text...'}
[c14fcf06-4cad-4d28-925e-51f5689b0386] Job updated: {'progress': 60, 'status_message': 'Normalization done. Translating to English...'}
[c14fcf06-4cad-4d28-925e-51f5689b0386] Job updated: {'status': 'translating', 'progress': 62, 'status_message': 'Translating Tamil -> English...'}
Loading IndicTrans2 model: ai4bharat/indictrans2-indic-en-1B
HTTP Request: HEAD https://huggingface.co/ai4bharat/indictrans2-indic-en-1B/resolve/main/config.json "HTTP/1.1 401 Unauthorized"
HTTP Request: HEAD https://huggingface.co/ai4bharat/indictrans2-indic-en-1B/resolve/main/config.json "HTTP/1.1 401 Unauthorized"
IndicTrans2 load failed: You are trying to access a gated repo.
Make sure to have access to it at https://huggingface.co/ai4bharat/indictrans2-indic-en-1B.
401 Client Error. (Request ID: Root=1-69dccc2e-64d206ce495ff80e77c9f099;e4f0b744-5da7-40dc-844b-96df241defad)

Cannot access gated repo for url https://huggingface.co/ai4bharat/indictrans2-indic-en-1B/resolve/main/config.json.
Access to model ai4bharat/indictrans2-indic-en-1B is restricted. You must have access to it and be authenticated to access it. Please log in.
Using fallback dictionary translation
Loading IndicTrans2 model: ai4bharat/indictrans2-indic-en-1B
HTTP Request: HEAD https://huggingface.co/ai4bharat/indictrans2-indic-en-1B/resolve/main/config.json "HTTP/1.1 401 Unauthorized"
HTTP Request: HEAD https://huggingface.co/ai4bharat/indictrans2-indic-en-1B/resolve/main/config.json "HTTP/1.1 401 Unauthorized"
IndicTrans2 load failed: You are trying to access a gated repo.
Make sure to have access to it at https://huggingface.co/ai4bharat/indictrans2-indic-en-1B.
401 Client Error. (Request ID: Root=1-69dcccf4-2600aab57249442d0f453954;4e0b0c56-283b-4c42-a102-33d3ed6095ff)

Cannot access gated repo for url https://huggingface.co/ai4bharat/indictrans2-indic-en-1B/resolve/main/config.json.
Access to model ai4bharat/indictrans2-indic-en-1B is restricted. You must have access to it and be authenticated to access it. Please log in.
Using fallback dictionary translation
Loading IndicTrans2 model: ai4bharat/indictrans2-indic-en-1B
HTTP Request: HEAD https://huggingface.co/ai4bharat/indictrans2-indic-en-1B/resolve/main/config.json "HTTP/1.1 401 Unauthorized"
HTTP Request: HEAD https://huggingface.co/ai4bharat/indictrans2-indic-en-1B/resolve/main/config.json "HTTP/1.1 401 Unauthorized"
IndicTrans2 load failed: You are trying to access a gated repo.
Make sure to have access to it at https://huggingface.co/ai4bharat/indictrans2-indic-en-1B.
401 Client Error. (Request ID: Root=1-69dccd12-2932422466888460056666dd;03c5a21f-99b3-493e-81cc-b6fb1bb91e41)

Cannot access gated repo for url https://huggingface.co/ai4bharat/indictrans2-indic-en-1B/resolve/main/config.json.
Access to model ai4bharat/indictrans2-indic-en-1B is restricted. You must have access to it and be authenticated to access it. Please log in.
Loading IndicTrans2 model: ai4bharat/indictrans2-indic-en-1B
HTTP Request: HEAD https://huggingface.co/ai4bharat/indictrans2-indic-en-1B/resolve/main/config.json "HTTP/1.1 401 Unauthorized"
HTTP Request: HEAD https://huggingface.co/ai4bharat/indictrans2-indic-en-1B/resolve/main/config.json "HTTP/1.1 401 Unauthorized"
IndicTrans2 load failed: You are trying to access a gated repo.
Make sure to have access to it at https://huggingface.co/ai4bharat/indictrans2-indic-en-1B.
401 Client Error. (Request ID: Root=1-69dccd2f-7fb87ded349ae057375c6edb;fc9d173c-f76b-4b34-9096-832dba8c6252)

Cannot access gated repo for url https://huggingface.co/ai4bharat/indictrans2-indic-en-1B/resolve/main/config.json.
Access to model ai4bharat/indictrans2-indic-en-1B is restricted. You must have access to it and be authenticated to access it. Please log in.
Loading IndicTrans2 model: ai4bharat/indictrans2-indic-en-1B
HTTP Request: HEAD https://huggingface.co/ai4bharat/indictrans2-indic-en-1B/resolve/main/config.json "HTTP/1.1 401 Unauthorized"
HTTP Request: HEAD https://huggingface.co/ai4bharat/indictrans2-indic-en-1B/resolve/main/config.json "HTTP/1.1 401 Unauthorized"
IndicTrans2 load failed: You are trying to access a gated repo.
Make sure to have access to it at https://huggingface.co/ai4bharat/indictrans2-indic-en-1B.
401 Client Error. (Request ID: Root=1-69dccd4b-2582e15c3d0de9dc2860f72e;313344a4-fa85-46b8-996b-3ac1ecb10be0)

Cannot access gated repo for url https://huggingface.co/ai4bharat/indictrans2-indic-en-1B/resolve/main/config.json.
Access to model ai4bharat/indictrans2-indic-en-1B is restricted. You must have access to it and be authenticated to access it. Please log in.
Loading IndicTrans2 model: ai4bharat/indictrans2-indic-en-1B
HTTP Request: HEAD https://huggingface.co/ai4bharat/indictrans2-indic-en-1B/resolve/main/config.json "HTTP/1.1 401 Unauthorized"
HTTP Request: HEAD https://huggingface.co/ai4bharat/indictrans2-indic-en-1B/resolve/main/config.json "HTTP/1.1 401 Unauthorized"
IndicTrans2 load failed: You are trying to access a gated repo.
Make sure to have access to it at https://huggingface.co/ai4bharat/indictrans2-indic-en-1B.
401 Client Error. (Request ID: Root=1-69dccdee-0249b05c3b4a32532e27c460;c90e86aa-375a-4b1a-b415-b10f0ddbc8ea)

Cannot access gated repo for url https://huggingface.co/ai4bharat/indictrans2-indic-en-1B/resolve/main/config.json.
Access to model ai4bharat/indictrans2-indic-en-1B is restricted. You must have access to it and be authenticated to access it. Please log in.
Loading IndicTrans2 model: ai4bharat/indictrans2-indic-en-1B
HTTP Request: HEAD https://huggingface.co/ai4bharat/indictrans2-indic-en-1B/resolve/main/config.json "HTTP/1.1 401 Unauthorized"
HTTP Request: HEAD https://huggingface.co/ai4bharat/indictrans2-indic-en-1B/resolve/main/config.json "HTTP/1.1 401 Unauthorized"
IndicTrans2 load failed: You are trying to access a gated repo.
Make sure to have access to it at https://huggingface.co/ai4bharat/indictrans2-indic-en-1B.
401 Client Error. (Request ID: Root=1-69dccea3-37d9aff51a18a97a216c9b25;55e899b7-d7af-4e18-a140-19577e4903a9)

Cannot access gated repo for url https://huggingface.co/ai4bharat/indictrans2-indic-en-1B/resolve/main/config.json.
Access to model ai4bharat/indictrans2-indic-en-1B is restricted. You must have access to it and be authenticated to access it. Please log in.
Loading IndicTrans2 model: ai4bharat/indictrans2-indic-en-1B
HTTP Request: HEAD https://huggingface.co/ai4bharat/indictrans2-indic-en-1B/resolve/main/config.json "HTTP/1.1 401 Unauthorized"
HTTP Request: HEAD https://huggingface.co/ai4bharat/indictrans2-indic-en-1B/resolve/main/config.json "HTTP/1.1 401 Unauthorized"
IndicTrans2 load failed: You are trying to access a gated repo.
Make sure to have access to it at https://huggingface.co/ai4bharat/indictrans2-indic-en-1B.
401 Client Error. (Request ID: Root=1-69dccebf-5e4eb82a1aaeba9b15b2e003;e772a1b3-da10-4661-a2b1-9b57da896f59)

Cannot access gated repo for url https://huggingface.co/ai4bharat/indictrans2-indic-en-1B/resolve/main/config.json.
Access to model ai4bharat/indictrans2-indic-en-1B is restricted. You must have access to it and be authenticated to access it. Please log in.
Loading IndicTrans2 model: ai4bharat/indictrans2-indic-en-1B
HTTP Request: HEAD https://huggingface.co/ai4bharat/indictrans2-indic-en-1B/resolve/main/config.json "HTTP/1.1 401 Unauthorized"
HTTP Request: HEAD https://huggingface.co/ai4bharat/indictrans2-indic-en-1B/resolve/main/config.json "HTTP/1.1 401 Unauthorized"
IndicTrans2 load failed: You are trying to access a gated repo.
Make sure to have access to it at https://huggingface.co/ai4bharat/indictrans2-indic-en-1B.
401 Client Error. (Request ID: Root=1-69dccee5-090fe9347b153ed128500c74;349d5c89-6d4e-46d0-b3a5-e7c4298be26b)

Cannot access gated repo for url https://huggingface.co/ai4bharat/indictrans2-indic-en-1B/resolve/main/config.json.
Access to model ai4bharat/indictrans2-indic-en-1B is restricted. You must have access to it and be authenticated to access it. Please log in.
Loading IndicTrans2 model: ai4bharat/indictrans2-indic-en-1B
HTTP Request: HEAD https://huggingface.co/ai4bharat/indictrans2-indic-en-1B/resolve/main/config.json "HTTP/1.1 401 Unauthorized"
HTTP Request: HEAD https://huggingface.co/ai4bharat/indictrans2-indic-en-1B/resolve/main/config.json "HTTP/1.1 401 Unauthorized"
IndicTrans2 load failed: You are trying to access a gated repo.
Make sure to have access to it at https://huggingface.co/ai4bharat/indictrans2-indic-en-1B.
401 Client Error. (Request ID: Root=1-69dccf04-1d6c27862463c72f30c560b3;c16e0d3b-9786-4bed-9335-eaecf2c06f6f)

Cannot access gated repo for url https://huggingface.co/ai4bharat/indictrans2-indic-en-1B/resolve/main/config.json.
Access to model ai4bharat/indictrans2-indic-en-1B is restricted. You must have access to it and be authenticated to access it. Please log in.
Loading IndicTrans2 model: ai4bharat/indictrans2-indic-en-1B
HTTP Request: HEAD https://huggingface.co/ai4bharat/indictrans2-indic-en-1B/resolve/main/config.json "HTTP/1.1 401 Unauthorized"
HTTP Request: HEAD https://huggingface.co/ai4bharat/indictrans2-indic-en-1B/resolve/main/config.json "HTTP/1.1 401 Unauthorized"
IndicTrans2 load failed: You are trying to access a gated repo.
Make sure to have access to it at https://huggingface.co/ai4bharat/indictrans2-indic-en-1B.
401 Client Error. (Request ID: Root=1-69dccf28-62a935b2017b29431d952dfe;5f4aa160-bcc9-4030-980e-cc7edbebe09d)

Cannot access gated repo for url https://huggingface.co/ai4bharat/indictrans2-indic-en-1B/resolve/main/config.json.
Access to model ai4bharat/indictrans2-indic-en-1B is restricted. You must have access to it and be authenticated to access it. Please log in.
Loading IndicTrans2 model: ai4bharat/indictrans2-indic-en-1B
HTTP Request: HEAD https://huggingface.co/ai4bharat/indictrans2-indic-en-1B/resolve/main/config.json "HTTP/1.1 401 Unauthorized"
HTTP Request: HEAD https://huggingface.co/ai4bharat/indictrans2-indic-en-1B/resolve/main/config.json "HTTP/1.1 401 Unauthorized"
IndicTrans2 load failed: You are trying to access a gated repo.
Make sure to have access to it at https://huggingface.co/ai4bharat/indictrans2-indic-en-1B.
401 Client Error. (Request ID: Root=1-69dccf45-01d2dde1018ebace046ecebf;2232dfb4-5b11-402d-843c-6245e5b4ad93)

Cannot access gated repo for url https://huggingface.co/ai4bharat/indictrans2-indic-en-1B/resolve/main/config.json.
Access to model ai4bharat/indictrans2-indic-en-1B is restricted. You must have access to it and be authenticated to access it. Please log in.
Not Found: /.well-known/appspecific/com.chrome.devtools.json
C:\Users\Deepak John\Desktop\speechdub\translation\translator.py changed, reloading.
Watching for file changes with StatReloader
Watching for file changes with StatReloader
Watching for file changes with StatReloader
[8858f897-d3dd-4fe3-aa11-c6d831887447] ========== PIPELINE START ==========
[8858f897-d3dd-4fe3-aa11-c6d831887447] Job updated: {'status': 'preprocessing', 'progress': 5, 'status_message': 'Preprocessing audio (convert, denoise, normalize)...'}
[8858f897-d3dd-4fe3-aa11-c6d831887447] Duration: 45.7s
[8858f897-d3dd-4fe3-aa11-c6d831887447] Loaded 731893 samples at 16000Hz
[8858f897-d3dd-4fe3-aa11-c6d831887447] Noise reduction done
[8858f897-d3dd-4fe3-aa11-c6d831887447] Normalization done
[8858f897-d3dd-4fe3-aa11-c6d831887447] Saved processed WAV: C:\Users\Deepak John\Desktop\speechdub\media\jobs\8858f897-d3dd-4fe3-aa11-c6d831887447\8858f897-d3dd-4fe3-aa11-c6d831887447_processed.wav
[8858f897-d3dd-4fe3-aa11-c6d831887447] Preprocessing done. Duration=45.7s
[8858f897-d3dd-4fe3-aa11-c6d831887447] Job updated: {'processed_wav': 'jobs\\8858f897-d3dd-4fe3-aa11-c6d831887447\\8858f897-d3dd-4fe3-aa11-c6d831887447_processed.wav', 'progress': 15, 'status_message': 'Audio ready (45.7s). Running speaker diarization...'}
[8858f897-d3dd-4fe3-aa11-c6d831887447] Job updated: {'status': 'diarizing', 'progress': 20, 'status_message': 'Detecting speakers (this may take 1-2 min)...'}
[8858f897-d3dd-4fe3-aa11-c6d831887447] Starting diarization: C:\Users\Deepak John\Desktop\speechdub\media\jobs\8858f897-d3dd-4fe3-aa11-c6d831887447\8858f897-d3dd-4fe3-aa11-c6d831887447_processed.wav
Loading pyannote pipeline...
HTTP Request: HEAD https://huggingface.co/pyannote/speaker-diarization-3.1/resolve/main/config.yaml "HTTP/1.1 200 OK"
HTTP Request: HEAD https://huggingface.co/pyannote/segmentation-3.0/resolve/main/pytorch_model.bin "HTTP/1.1 302 Found"
HTTP Request: HEAD https://huggingface.co/pyannote/speaker-diarization-community-1/resolve/main/plda/xvec_transform.npz "HTTP/1.1 302 Found"
HTTP Request: HEAD https://huggingface.co/pyannote/speaker-diarization-community-1/resolve/main/plda/plda.npz "HTTP/1.1 302 Found"
HTTP Request: HEAD https://huggingface.co/pyannote/wespeaker-voxceleb-resnet34-LM/resolve/main/pytorch_model.bin "HTTP/1.1 302 Found"
Running diarization on C:\Users\Deepak John\Desktop\speechdub\media\jobs\8858f897-d3dd-4fe3-aa11-c6d831887447\8858f897-d3dd-4fe3-aa11-c6d831887447_processed.wav, max_speakers=4
Diarization done: 26 segments
[8858f897-d3dd-4fe3-aa11-c6d831887447] Detected 4 speaker(s), 16 segments
[8858f897-d3dd-4fe3-aa11-c6d831887447] Job updated: {'num_speakers': 4, 'progress': 35, 'status_message': 'Detected 4 speaker(s), 16 segments. Transcribing...'}
[8858f897-d3dd-4fe3-aa11-c6d831887447] Job updated: {'status': 'transcribing', 'progress': 40, 'status_message': 'Transcribing speech with Whisper...'}
Loading Whisper model: medium
Whisper model loaded successfully
Detected language: ta (confidence: 0.98)
[8858f897-d3dd-4fe3-aa11-c6d831887447] Overall audio language: ta
[8858f897-d3dd-4fe3-aa11-c6d831887447] Transcribing segment 1/16: SPEAKER_01 [0.0s - 4.3s]
Transcribed: '???? ????? ????????????? ???????????? ??? ????? ???? ?????, ...' lang=ta conf=0.69
[8858f897-d3dd-4fe3-aa11-c6d831887447] Transcribing segment 2/16: SPEAKER_02 [2.7s - 5.2s]
Transcribed: '???????? ?????????????????? ???????????????? ?????????????....' lang=ta conf=0.53
[8858f897-d3dd-4fe3-aa11-c6d831887447] Transcribing segment 3/16: SPEAKER_01 [5.3s - 7.5s]
Transcribed: '??????? ??????? ???????? ???????....' lang=ta conf=0.53
[8858f897-d3dd-4fe3-aa11-c6d831887447] Transcribing segment 4/16: SPEAKER_02 [7.9s - 8.9s]
Transcribed: '??? ?????? ??????????????...' lang=ta conf=0.69
[8858f897-d3dd-4fe3-aa11-c6d831887447] Transcribing segment 5/16: SPEAKER_01 [9.0s - 10.4s]
Transcribed: '??????? ????????? ?????????....' lang=ta conf=0.44
[8858f897-d3dd-4fe3-aa11-c6d831887447] Transcribing segment 6/16: SPEAKER_02 [10.1s - 11.8s]
Transcribed: '????, ???? ????????????? ?????, ???????...' lang=ta conf=0.62
[8858f897-d3dd-4fe3-aa11-c6d831887447] Transcribing segment 7/16: SPEAKER_01 [12.0s - 17.9s]
Transcribed: '???????? ????? ?????? ??????? ????????????, ??????????? ????...' lang=ta conf=0.75
[8858f897-d3dd-4fe3-aa11-c6d831887447] Transcribing segment 8/16: SPEAKER_01 [18.6s - 19.6s]
Transcribed: '?????????!...' lang=ta conf=0.46
[8858f897-d3dd-4fe3-aa11-c6d831887447] Transcribing segment 9/16: SPEAKER_00 [20.3s - 21.2s]
Transcribed: '?????????? ??????? ??????...' lang=ta conf=0.50
[8858f897-d3dd-4fe3-aa11-c6d831887447] Transcribing segment 10/16: SPEAKER_01 [22.3s - 23.5s]
Transcribed: '??? ???????????? ??????? ??????????????...' lang=ta conf=0.60
[8858f897-d3dd-4fe3-aa11-c6d831887447] Transcribing segment 11/16: SPEAKER_00 [24.1s - 25.0s]
Transcribed: '??????? ????? ??????....' lang=ta conf=0.63
[8858f897-d3dd-4fe3-aa11-c6d831887447] Transcribing segment 12/16: SPEAKER_00 [28.9s - 29.7s]
Transcribed: '????<|es|>? ?????????????...' lang=ta conf=0.54
[8858f897-d3dd-4fe3-aa11-c6d831887447] Transcribing segment 13/16: SPEAKER_00 [30.9s - 31.8s]
Transcribed: '??????????????....' lang=ta conf=0.62
[8858f897-d3dd-4fe3-aa11-c6d831887447] Transcribing segment 14/16: SPEAKER_00 [33.1s - 34.0s]
Transcribed: '??????? ???? ?????????? ????...' lang=ta conf=0.59
[8858f897-d3dd-4fe3-aa11-c6d831887447] Transcribing segment 15/16: SPEAKER_01 [34.7s - 40.2s]
Transcribed: '??????? ??????? ????. ???????. ??????? ?????, ???????????? ?...' lang=ta conf=0.68
[8858f897-d3dd-4fe3-aa11-c6d831887447] Transcribing segment 16/16: SPEAKER_03 [39.0s - 40.6s]
Transcribed: '?????????? ?????????????.. ?????.....' lang=ta conf=0.62
[8858f897-d3dd-4fe3-aa11-c6d831887447] Transcription complete: 16 segments
[8858f897-d3dd-4fe3-aa11-c6d831887447] Job updated: {'progress': 55, 'status_message': 'Transcription done. Normalizing Tamil text...'}
[8858f897-d3dd-4fe3-aa11-c6d831887447] Job updated: {'progress': 60, 'status_message': 'Normalization done. Translating to English...'}
[8858f897-d3dd-4fe3-aa11-c6d831887447] Job updated: {'status': 'translating', 'progress': 62, 'status_message': 'Translating Tamil -> English...'}
Loading IndicTrans2 model: ai4bharat/indictrans2-indic-en-1B
HTTP Request: HEAD https://huggingface.co/ai4bharat/indictrans2-indic-en-1B/resolve/main/config.json "HTTP/1.1 200 OK"
HTTP Request: GET https://huggingface.co/ai4bharat/indictrans2-indic-en-1B/resolve/main/config.json "HTTP/1.1 200 OK"
HTTP Request: HEAD https://huggingface.co/ai4bharat/indictrans2-indic-en-1B/resolve/main/configuration_indictrans.py "HTTP/1.1 200 OK"
HTTP Request: GET https://huggingface.co/ai4bharat/indictrans2-indic-en-1B/resolve/main/configuration_indictrans.py "HTTP/1.1 200 OK"
transformers not installed for IndicTrans2
Loading IndicTrans2 model: ai4bharat/indictrans2-indic-en-1B
HTTP Request: HEAD https://huggingface.co/ai4bharat/indictrans2-indic-en-1B/resolve/main/config.json "HTTP/1.1 200 OK"
HTTP Request: HEAD https://huggingface.co/ai4bharat/indictrans2-indic-en-1B/resolve/main/configuration_indictrans.py "HTTP/1.1 200 OK"
transformers not installed for IndicTrans2
Using fallback dictionary translation
Loading IndicTrans2 model: ai4bharat/indictrans2-indic-en-1B
HTTP Request: HEAD https://huggingface.co/ai4bharat/indictrans2-indic-en-1B/resolve/main/config.json "HTTP/1.1 200 OK"
HTTP Request: HEAD https://huggingface.co/ai4bharat/indictrans2-indic-en-1B/resolve/main/configuration_indictrans.py "HTTP/1.1 200 OK"
transformers not installed for IndicTrans2
Loading IndicTrans2 model: ai4bharat/indictrans2-indic-en-1B
HTTP Request: HEAD https://huggingface.co/ai4bharat/indictrans2-indic-en-1B/resolve/main/config.json "HTTP/1.1 200 OK"
HTTP Request: HEAD https://huggingface.co/ai4bharat/indictrans2-indic-en-1B/resolve/main/configuration_indictrans.py "HTTP/1.1 200 OK"
transformers not installed for IndicTrans2
Loading IndicTrans2 model: ai4bharat/indictrans2-indic-en-1B
HTTP Request: HEAD https://huggingface.co/ai4bharat/indictrans2-indic-en-1B/resolve/main/config.json "HTTP/1.1 200 OK"
HTTP Request: HEAD https://huggingface.co/ai4bharat/indictrans2-indic-en-1B/resolve/main/configuration_indictrans.py "HTTP/1.1 200 OK"
transformers not installed for IndicTrans2
Loading IndicTrans2 model: ai4bharat/indictrans2-indic-en-1B
HTTP Request: HEAD https://huggingface.co/ai4bharat/indictrans2-indic-en-1B/resolve/main/config.json "HTTP/1.1 200 OK"
HTTP Request: HEAD https://huggingface.co/ai4bharat/indictrans2-indic-en-1B/resolve/main/configuration_indictrans.py "HTTP/1.1 200 OK"
transformers not installed for IndicTrans2
Loading IndicTrans2 model: ai4bharat/indictrans2-indic-en-1B
HTTP Request: HEAD https://huggingface.co/ai4bharat/indictrans2-indic-en-1B/resolve/main/config.json "HTTP/1.1 200 OK"
HTTP Request: HEAD https://huggingface.co/ai4bharat/indictrans2-indic-en-1B/resolve/main/configuration_indictrans.py "HTTP/1.1 200 OK"
transformers not installed for IndicTrans2
Loading IndicTrans2 model: ai4bharat/indictrans2-indic-en-1B
HTTP Request: HEAD https://huggingface.co/ai4bharat/indictrans2-indic-en-1B/resolve/main/config.json "HTTP/1.1 200 OK"
HTTP Request: HEAD https://huggingface.co/ai4bharat/indictrans2-indic-en-1B/resolve/main/configuration_indictrans.py "HTTP/1.1 200 OK"
transformers not installed for IndicTrans2
Loading IndicTrans2 model: ai4bharat/indictrans2-indic-en-1B
HTTP Request: HEAD https://huggingface.co/ai4bharat/indictrans2-indic-en-1B/resolve/main/config.json "HTTP/1.1 200 OK"
HTTP Request: HEAD https://huggingface.co/ai4bharat/indictrans2-indic-en-1B/resolve/main/configuration_indictrans.py "HTTP/1.1 200 OK"
transformers not installed for IndicTrans2
Loading IndicTrans2 model: ai4bharat/indictrans2-indic-en-1B
HTTP Request: HEAD https://huggingface.co/ai4bharat/indictrans2-indic-en-1B/resolve/main/config.json "HTTP/1.1 200 OK"
HTTP Request: HEAD https://huggingface.co/ai4bharat/indictrans2-indic-en-1B/resolve/main/configuration_indictrans.py "HTTP/1.1 200 OK"
transformers not installed for IndicTrans2
Loading IndicTrans2 model: ai4bharat/indictrans2-indic-en-1B
HTTP Request: HEAD https://huggingface.co/ai4bharat/indictrans2-indic-en-1B/resolve/main/config.json "HTTP/1.1 200 OK"
HTTP Request: HEAD https://huggingface.co/ai4bharat/indictrans2-indic-en-1B/resolve/main/configuration_indictrans.py "HTTP/1.1 200 OK"
transformers not installed for IndicTrans2
Loading IndicTrans2 model: ai4bharat/indictrans2-indic-en-1B
HTTP Request: HEAD https://huggingface.co/ai4bharat/indictrans2-indic-en-1B/resolve/main/config.json "HTTP/1.1 200 OK"
HTTP Request: HEAD https://huggingface.co/ai4bharat/indictrans2-indic-en-1B/resolve/main/configuration_indictrans.py "HTTP/1.1 200 OK"
transformers not installed for IndicTrans2
Not Found: /favicon.ico
Not Found: /favicon.ico
Loading IndicTrans2 model: ai4bharat/indictrans2-indic-en-1B
Not Found: /favicon.ico
HTTP Request: HEAD https://huggingface.co/ai4bharat/indictrans2-indic-en-1B/resolve/main/config.json "HTTP/1.1 200 OK"
HTTP Request: HEAD https://huggingface.co/ai4bharat/indictrans2-indic-en-1B/resolve/main/configuration_indictrans.py "HTTP/1.1 200 OK"
transformers not installed for IndicTrans2
Loading IndicTrans2 model: ai4bharat/indictrans2-indic-en-1B
HTTP Request: HEAD https://huggingface.co/ai4bharat/indictrans2-indic-en-1B/resolve/main/config.json "HTTP/1.1 200 OK"
HTTP Request: HEAD https://huggingface.co/ai4bharat/indictrans2-indic-en-1B/resolve/main/configuration_indictrans.py "HTTP/1.1 200 OK"
transformers not installed for IndicTrans2
Loading IndicTrans2 model: ai4bharat/indictrans2-indic-en-1B
HTTP Request: HEAD https://huggingface.co/ai4bharat/indictrans2-indic-en-1B/resolve/main/config.json "HTTP/1.1 200 OK"
HTTP Request: HEAD https://huggingface.co/ai4bharat/indictrans2-indic-en-1B/resolve/main/configuration_indictrans.py "HTTP/1.1 200 OK"
transformers not installed for IndicTrans2
Loading IndicTrans2 model: ai4bharat/indictrans2-indic-en-1B
HTTP Request: HEAD https://huggingface.co/ai4bharat/indictrans2-indic-en-1B/resolve/main/config.json "HTTP/1.1 200 OK"
HTTP Request: HEAD https://huggingface.co/ai4bharat/indictrans2-indic-en-1B/resolve/main/configuration_indictrans.py "HTTP/1.1 200 OK"
transformers not installed for IndicTrans2
[8858f897-d3dd-4fe3-aa11-c6d831887447] Job updated: {'progress': 70, 'status_message': 'Translation done. Profiling speakers...'}
[8858f897-d3dd-4fe3-aa11-c6d831887447] Profiling speaker: SPEAKER_00
Speaker SPEAKER_00: gender=unknown, pitch=0.0Hz, duration=4.5s
[8858f897-d3dd-4fe3-aa11-c6d831887447] Profiling speaker: SPEAKER_01
  Segment pitch: 192.8 Hz (duration=4.3s)
  Segment pitch: 0.0 Hz (duration=2.2s)
  Segment pitch: 192.8 Hz (duration=1.4s)
  Segment pitch: 228.6 Hz (duration=5.9s)
  Segment pitch: 301.9 Hz (duration=1.2s)
  Segment pitch: 216.2 Hz (duration=5.5s)
Speaker SPEAKER_01 pitches: [192.8, 192.8, 228.6, 301.9, 216.2]
Speaker SPEAKER_01 median pitch: 216.2 Hz
Speaker SPEAKER_01: gender=female, pitch=216.2Hz, duration=21.5s
[8858f897-d3dd-4fe3-aa11-c6d831887447] Profiling speaker: SPEAKER_02
  Segment pitch: 144.1 Hz (duration=2.5s)
  Segment pitch: 134.5 Hz (duration=1.7s)
Speaker SPEAKER_02 pitches: [144.1, 134.5]
Speaker SPEAKER_02 median pitch: 139.3 Hz
Speaker SPEAKER_02: gender=male, pitch=139.3Hz, duration=5.2s
[8858f897-d3dd-4fe3-aa11-c6d831887447] Profiling speaker: SPEAKER_03
  Segment pitch: 148.8 Hz (duration=1.6s)
Speaker SPEAKER_03 pitches: [148.8]
Speaker SPEAKER_03 median pitch: 148.8 Hz
Speaker SPEAKER_03: gender=male, pitch=148.8Hz, duration=1.6s
[8858f897-d3dd-4fe3-aa11-c6d831887447] Job updated: {'progress': 75, 'status_message': 'Profiles ready. Synthesizing English speech...'}
[8858f897-d3dd-4fe3-aa11-c6d831887447] Job updated: {'status': 'synthesizing', 'progress': 78, 'status_message': 'Generating dubbed English speech...'}
[8858f897-d3dd-4fe3-aa11-c6d831887447] Synthesizing segment 1/16: SPEAKER_01 - '???? ????? ????????????? ???????????? ??...'
Coqui TTS not installed. Install with: pip install TTS
Coqui TTS not installed. Install with: pip install TTS
Imported existing <module 'comtypes.gen' from 'C:\\Users\\Deepak John\\Desktop\\speechdub\\env\\lib\\site-packages\\comtypes\\gen\\__init__.py'>
Using writeable comtypes cache directory: 'C:\Users\Deepak John\Desktop\speechdub\env\lib\site-packages\comtypes\gen'
pyttsx3 TTS: synthesized to C:\Users\Deepak John\Desktop\speechdub\media\jobs\8858f897-d3dd-4fe3-aa11-c6d831887447\tts_segments\8858f897-d3dd-4fe3-aa11-c6d831887447_tts_0000.wav
[8858f897-d3dd-4fe3-aa11-c6d831887447] Synthesizing segment 2/16: SPEAKER_02 - '???????? ?????????????????? ????????????...'
Coqui TTS not installed. Install with: pip install TTS
Coqui TTS not installed. Install with: pip install TTS
pyttsx3 TTS: synthesized to C:\Users\Deepak John\Desktop\speechdub\media\jobs\8858f897-d3dd-4fe3-aa11-c6d831887447\tts_segments\8858f897-d3dd-4fe3-aa11-c6d831887447_tts_0001.wav
[8858f897-d3dd-4fe3-aa11-c6d831887447] Synthesizing segment 3/16: SPEAKER_01 - '??????? ??????? ???????? ???????....'
Coqui TTS not installed. Install with: pip install TTS
Coqui TTS not installed. Install with: pip install TTS
pyttsx3 TTS: synthesized to C:\Users\Deepak John\Desktop\speechdub\media\jobs\8858f897-d3dd-4fe3-aa11-c6d831887447\tts_segments\8858f897-d3dd-4fe3-aa11-c6d831887447_tts_0002.wav
[8858f897-d3dd-4fe3-aa11-c6d831887447] Synthesizing segment 4/16: SPEAKER_02 - '??? ?????? ??????????????...'
Coqui TTS not installed. Install with: pip install TTS
Coqui TTS not installed. Install with: pip install TTS
pyttsx3 TTS: synthesized to C:\Users\Deepak John\Desktop\speechdub\media\jobs\8858f897-d3dd-4fe3-aa11-c6d831887447\tts_segments\8858f897-d3dd-4fe3-aa11-c6d831887447_tts_0003.wav
[8858f897-d3dd-4fe3-aa11-c6d831887447] Synthesizing segment 5/16: SPEAKER_01 - '??????? ????????? ?????????....'
Coqui TTS not installed. Install with: pip install TTS
Coqui TTS not installed. Install with: pip install TTS
pyttsx3 TTS: synthesized to C:\Users\Deepak John\Desktop\speechdub\media\jobs\8858f897-d3dd-4fe3-aa11-c6d831887447\tts_segments\8858f897-d3dd-4fe3-aa11-c6d831887447_tts_0004.wav
[8858f897-d3dd-4fe3-aa11-c6d831887447] Synthesizing segment 6/16: SPEAKER_02 - '????, ???? ????????????? ?????, ???????...'
Coqui TTS not installed. Install with: pip install TTS
Coqui TTS not installed. Install with: pip install TTS
pyttsx3 TTS: synthesized to C:\Users\Deepak John\Desktop\speechdub\media\jobs\8858f897-d3dd-4fe3-aa11-c6d831887447\tts_segments\8858f897-d3dd-4fe3-aa11-c6d831887447_tts_0005.wav
[8858f897-d3dd-4fe3-aa11-c6d831887447] Synthesizing segment 7/16: SPEAKER_01 - '???????? ????? ?????? ??????? ??????????...'
Coqui TTS not installed. Install with: pip install TTS
Coqui TTS not installed. Install with: pip install TTS
pyttsx3 TTS: synthesized to C:\Users\Deepak John\Desktop\speechdub\media\jobs\8858f897-d3dd-4fe3-aa11-c6d831887447\tts_segments\8858f897-d3dd-4fe3-aa11-c6d831887447_tts_0006.wav
[8858f897-d3dd-4fe3-aa11-c6d831887447] Synthesizing segment 8/16: SPEAKER_01 - '?????????!...'
Coqui TTS not installed. Install with: pip install TTS
Coqui TTS not installed. Install with: pip install TTS
pyttsx3 TTS: synthesized to C:\Users\Deepak John\Desktop\speechdub\media\jobs\8858f897-d3dd-4fe3-aa11-c6d831887447\tts_segments\8858f897-d3dd-4fe3-aa11-c6d831887447_tts_0007.wav
[8858f897-d3dd-4fe3-aa11-c6d831887447] Synthesizing segment 9/16: SPEAKER_00 - '?????????? ??????? ??????...'
Coqui TTS not installed. Install with: pip install TTS
Coqui TTS not installed. Install with: pip install TTS
pyttsx3 TTS: synthesized to C:\Users\Deepak John\Desktop\speechdub\media\jobs\8858f897-d3dd-4fe3-aa11-c6d831887447\tts_segments\8858f897-d3dd-4fe3-aa11-c6d831887447_tts_0008.wav
[8858f897-d3dd-4fe3-aa11-c6d831887447] Synthesizing segment 10/16: SPEAKER_01 - '??? ???????????? ??????? ??????????????...'
Coqui TTS not installed. Install with: pip install TTS
Coqui TTS not installed. Install with: pip install TTS
pyttsx3 TTS: synthesized to C:\Users\Deepak John\Desktop\speechdub\media\jobs\8858f897-d3dd-4fe3-aa11-c6d831887447\tts_segments\8858f897-d3dd-4fe3-aa11-c6d831887447_tts_0009.wav
[8858f897-d3dd-4fe3-aa11-c6d831887447] Synthesizing segment 11/16: SPEAKER_00 - '??????? ????? ??????....'
Coqui TTS not installed. Install with: pip install TTS
Coqui TTS not installed. Install with: pip install TTS
pyttsx3 TTS: synthesized to C:\Users\Deepak John\Desktop\speechdub\media\jobs\8858f897-d3dd-4fe3-aa11-c6d831887447\tts_segments\8858f897-d3dd-4fe3-aa11-c6d831887447_tts_0010.wav
[8858f897-d3dd-4fe3-aa11-c6d831887447] Synthesizing segment 12/16: SPEAKER_00 - '????<|es|>? ?????????????...'
Coqui TTS not installed. Install with: pip install TTS
Coqui TTS not installed. Install with: pip install TTS
pyttsx3 TTS: synthesized to C:\Users\Deepak John\Desktop\speechdub\media\jobs\8858f897-d3dd-4fe3-aa11-c6d831887447\tts_segments\8858f897-d3dd-4fe3-aa11-c6d831887447_tts_0011.wav
[8858f897-d3dd-4fe3-aa11-c6d831887447] Synthesizing segment 13/16: SPEAKER_00 - '??????????????....'
Coqui TTS not installed. Install with: pip install TTS
Coqui TTS not installed. Install with: pip install TTS
pyttsx3 TTS: synthesized to C:\Users\Deepak John\Desktop\speechdub\media\jobs\8858f897-d3dd-4fe3-aa11-c6d831887447\tts_segments\8858f897-d3dd-4fe3-aa11-c6d831887447_tts_0012.wav
[8858f897-d3dd-4fe3-aa11-c6d831887447] Synthesizing segment 14/16: SPEAKER_00 - '??????? ???? ?????????? ????...'
Coqui TTS not installed. Install with: pip install TTS
Coqui TTS not installed. Install with: pip install TTS
pyttsx3 TTS: synthesized to C:\Users\Deepak John\Desktop\speechdub\media\jobs\8858f897-d3dd-4fe3-aa11-c6d831887447\tts_segments\8858f897-d3dd-4fe3-aa11-c6d831887447_tts_0013.wav
[8858f897-d3dd-4fe3-aa11-c6d831887447] Synthesizing segment 15/16: SPEAKER_01 - '??????? ??????? ????. ???????. ??????? ?...'
Coqui TTS not installed. Install with: pip install TTS
Coqui TTS not installed. Install with: pip install TTS
pyttsx3 TTS: synthesized to C:\Users\Deepak John\Desktop\speechdub\media\jobs\8858f897-d3dd-4fe3-aa11-c6d831887447\tts_segments\8858f897-d3dd-4fe3-aa11-c6d831887447_tts_0014.wav
[8858f897-d3dd-4fe3-aa11-c6d831887447] Synthesizing segment 16/16: SPEAKER_03 - '?????????? ?????????????.. ?????.....'
Coqui TTS not installed. Install with: pip install TTS
Coqui TTS not installed. Install with: pip install TTS
pyttsx3 TTS: synthesized to C:\Users\Deepak John\Desktop\speechdub\media\jobs\8858f897-d3dd-4fe3-aa11-c6d831887447\tts_segments\8858f897-d3dd-4fe3-aa11-c6d831887447_tts_0015.wav
[8858f897-d3dd-4fe3-aa11-c6d831887447] Job updated: {'progress': 90, 'status_message': 'Speech synthesis done. Stitching audio...'}
[8858f897-d3dd-4fe3-aa11-c6d831887447] Stitching 16 audio segments...
Saved combined audio: C:\Users\Deepak John\Desktop\speechdub\media\jobs\8858f897-d3dd-4fe3-aa11-c6d831887447\8858f897-d3dd-4fe3-aa11-c6d831887447_dubbed.wav (52.8s)
[8858f897-d3dd-4fe3-aa11-c6d831887447] Stitching done: 16/16 valid segments, total duration: 52.8s
[8858f897-d3dd-4fe3-aa11-c6d831887447] Job updated: {'progress': 95, 'status_message': 'Audio ready. Building transcript...'}
[8858f897-d3dd-4fe3-aa11-c6d831887447] ========== PIPELINE COMPLETE ==========
[8858f897-d3dd-4fe3-aa11-c6d831887447] Speakers: 4, Segments: 16
Not Found: /favicon.ico
[ff22b05a-ebd6-42dc-8a64-78c9b3117bbd] ========== PIPELINE START ==========
[ff22b05a-ebd6-42dc-8a64-78c9b3117bbd] Job updated: {'status': 'preprocessing', 'progress': 5, 'status_message': 'Preprocessing audio (convert, denoise, normalize)...'}
[ff22b05a-ebd6-42dc-8a64-78c9b3117bbd] Duration: 50.0s
[ff22b05a-ebd6-42dc-8a64-78c9b3117bbd] Loaded 799881 samples at 16000Hz
[ff22b05a-ebd6-42dc-8a64-78c9b3117bbd] Noise reduction done
[ff22b05a-ebd6-42dc-8a64-78c9b3117bbd] Normalization done
[ff22b05a-ebd6-42dc-8a64-78c9b3117bbd] Saved processed WAV: C:\Users\Deepak John\Desktop\speechdub\media\jobs\ff22b05a-ebd6-42dc-8a64-78c9b3117bbd\ff22b05a-ebd6-42dc-8a64-78c9b3117bbd_processed.wav
[ff22b05a-ebd6-42dc-8a64-78c9b3117bbd] Preprocessing done. Duration=50.0s
[ff22b05a-ebd6-42dc-8a64-78c9b3117bbd] Job updated: {'processed_wav': 'jobs\\ff22b05a-ebd6-42dc-8a64-78c9b3117bbd\\ff22b05a-ebd6-42dc-8a64-78c9b3117bbd_processed.wav', 'progress': 15, 'status_message': 'Audio ready (50.0s). Running speaker diarization...'}
[ff22b05a-ebd6-42dc-8a64-78c9b3117bbd] Job updated: {'status': 'diarizing', 'progress': 20, 'status_message': 'Detecting speakers (this may take 1-2 min)...'}
[ff22b05a-ebd6-42dc-8a64-78c9b3117bbd] Starting diarization: C:\Users\Deepak John\Desktop\speechdub\media\jobs\ff22b05a-ebd6-42dc-8a64-78c9b3117bbd\ff22b05a-ebd6-42dc-8a64-78c9b3117bbd_processed.wav
Loading pyannote pipeline...
HTTP Request: HEAD https://huggingface.co/pyannote/speaker-diarization-3.1/resolve/main/config.yaml "HTTP/1.1 200 OK"
HTTP Request: HEAD https://huggingface.co/pyannote/segmentation-3.0/resolve/main/pytorch_model.bin "HTTP/1.1 302 Found"
HTTP Request: HEAD https://huggingface.co/pyannote/speaker-diarization-community-1/resolve/main/plda/xvec_transform.npz "HTTP/1.1 302 Found"
HTTP Request: HEAD https://huggingface.co/pyannote/speaker-diarization-community-1/resolve/main/plda/plda.npz "HTTP/1.1 302 Found"
HTTP Request: HEAD https://huggingface.co/pyannote/wespeaker-voxceleb-resnet34-LM/resolve/main/pytorch_model.bin "HTTP/1.1 302 Found"
Running diarization on C:\Users\Deepak John\Desktop\speechdub\media\jobs\ff22b05a-ebd6-42dc-8a64-78c9b3117bbd\ff22b05a-ebd6-42dc-8a64-78c9b3117bbd_processed.wav, max_speakers=2
Diarization done: 11 segments
[ff22b05a-ebd6-42dc-8a64-78c9b3117bbd] Detected 2 speaker(s), 7 segments
[ff22b05a-ebd6-42dc-8a64-78c9b3117bbd] Job updated: {'num_speakers': 2, 'progress': 35, 'status_message': 'Detected 2 speaker(s), 7 segments. Transcribing...'}
[ff22b05a-ebd6-42dc-8a64-78c9b3117bbd] Job updated: {'status': 'transcribing', 'progress': 40, 'status_message': 'Transcribing speech with Whisper...'}
Detected language: ta (confidence: 0.93)
[ff22b05a-ebd6-42dc-8a64-78c9b3117bbd] Overall audio language: ta
[ff22b05a-ebd6-42dc-8a64-78c9b3117bbd] Transcribing segment 1/7: SPEAKER_00 [0.0s - 9.2s]
Transcribed: '? ????????? ?????? ????? ?????????? ????? ????? flosser ????...' lang=ta conf=0.15
[ff22b05a-ebd6-42dc-8a64-78c9b3117bbd] Transcribing segment 2/7: SPEAKER_00 [9.9s - 13.6s]
Transcribed: '???? ?????????? ????????? ???? ???????????? ???. ???? ??????...' lang=ta conf=0.61
[ff22b05a-ebd6-42dc-8a64-78c9b3117bbd] Transcribing segment 3/7: SPEAKER_00 [14.2s - 32.6s]
Transcribed: '40. Yes. ??????? ???? ?? ?????????? 25. 25 ??????????? 25-26...' lang=ta conf=0.64
[ff22b05a-ebd6-42dc-8a64-78c9b3117bbd] Transcribing segment 4/7: SPEAKER_01 [25.5s - 27.0s]
Transcribed: '?????????!...' lang=ta conf=0.39
[ff22b05a-ebd6-42dc-8a64-78c9b3117bbd] Transcribing segment 5/7: SPEAKER_00 [32.7s - 36.9s]
Transcribed: '??? ??????????????? ???????? ??????? ?????????, ??? ?????? ?...' lang=ta conf=0.69
[ff22b05a-ebd6-42dc-8a64-78c9b3117bbd] Transcribing segment 6/7: SPEAKER_00 [37.9s - 50.0s]
Transcribed: 'if I don't want it, I'll remove it as well. Veddhama muzikka...' lang=ta conf=0.01
[ff22b05a-ebd6-42dc-8a64-78c9b3117bbd] Transcribing segment 7/7: SPEAKER_01 [42.4s - 43.6s]
Transcribed: '????????? ???????? ?????? ?????......' lang=ta conf=0.63
[ff22b05a-ebd6-42dc-8a64-78c9b3117bbd] Transcription complete: 7 segments
[ff22b05a-ebd6-42dc-8a64-78c9b3117bbd] Job updated: {'progress': 55, 'status_message': 'Transcription done. Normalizing Tamil text...'}
[ff22b05a-ebd6-42dc-8a64-78c9b3117bbd] Job updated: {'progress': 60, 'status_message': 'Normalization done. Translating to English...'}
[ff22b05a-ebd6-42dc-8a64-78c9b3117bbd] Job updated: {'status': 'translating', 'progress': 62, 'status_message': 'Translating Tamil -> English...'}
Loading IndicTrans2 model: ai4bharat/indictrans2-indic-en-1B
HTTP Request: HEAD https://huggingface.co/ai4bharat/indictrans2-indic-en-1B/resolve/main/config.json "HTTP/1.1 200 OK"
HTTP Request: HEAD https://huggingface.co/ai4bharat/indictrans2-indic-en-1B/resolve/main/configuration_indictrans.py "HTTP/1.1 200 OK"
transformers not installed for IndicTrans2
Loading IndicTrans2 model: ai4bharat/indictrans2-indic-en-1B
HTTP Request: HEAD https://huggingface.co/ai4bharat/indictrans2-indic-en-1B/resolve/main/config.json "HTTP/1.1 200 OK"
HTTP Request: HEAD https://huggingface.co/ai4bharat/indictrans2-indic-en-1B/resolve/main/configuration_indictrans.py "HTTP/1.1 200 OK"
transformers not installed for IndicTrans2
Loading IndicTrans2 model: ai4bharat/indictrans2-indic-en-1B
HTTP Request: HEAD https://huggingface.co/ai4bharat/indictrans2-indic-en-1B/resolve/main/config.json "HTTP/1.1 200 OK"
HTTP Request: HEAD https://huggingface.co/ai4bharat/indictrans2-indic-en-1B/resolve/main/configuration_indictrans.py "HTTP/1.1 200 OK"
transformers not installed for IndicTrans2
Loading IndicTrans2 model: ai4bharat/indictrans2-indic-en-1B
HTTP Request: HEAD https://huggingface.co/ai4bharat/indictrans2-indic-en-1B/resolve/main/config.json "HTTP/1.1 200 OK"
HTTP Request: HEAD https://huggingface.co/ai4bharat/indictrans2-indic-en-1B/resolve/main/configuration_indictrans.py "HTTP/1.1 200 OK"
transformers not installed for IndicTrans2
Loading IndicTrans2 model: ai4bharat/indictrans2-indic-en-1B
HTTP Request: HEAD https://huggingface.co/ai4bharat/indictrans2-indic-en-1B/resolve/main/config.json "HTTP/1.1 200 OK"
HTTP Request: HEAD https://huggingface.co/ai4bharat/indictrans2-indic-en-1B/resolve/main/configuration_indictrans.py "HTTP/1.1 200 OK"
transformers not installed for IndicTrans2
Loading IndicTrans2 model: ai4bharat/indictrans2-indic-en-1B
HTTP Request: HEAD https://huggingface.co/ai4bharat/indictrans2-indic-en-1B/resolve/main/config.json "HTTP/1.1 200 OK"
HTTP Request: HEAD https://huggingface.co/ai4bharat/indictrans2-indic-en-1B/resolve/main/configuration_indictrans.py "HTTP/1.1 200 OK"
transformers not installed for IndicTrans2
Loading IndicTrans2 model: ai4bharat/indictrans2-indic-en-1B
HTTP Request: HEAD https://huggingface.co/ai4bharat/indictrans2-indic-en-1B/resolve/main/config.json "HTTP/1.1 200 OK"
HTTP Request: HEAD https://huggingface.co/ai4bharat/indictrans2-indic-en-1B/resolve/main/configuration_indictrans.py "HTTP/1.1 200 OK"
transformers not installed for IndicTrans2
Using fallback dictionary translation
[ff22b05a-ebd6-42dc-8a64-78c9b3117bbd] Job updated: {'progress': 70, 'status_message': 'Translation done. Profiling speakers...'}
[ff22b05a-ebd6-42dc-8a64-78c9b3117bbd] Profiling speaker: SPEAKER_00
  Segment pitch: 186.0 Hz (duration=9.2s)
  Segment pitch: 166.7 Hz (duration=3.8s)
  Segment pitch: 197.5 Hz (duration=18.4s)
  Segment pitch: 150.9 Hz (duration=4.2s)
  Segment pitch: 185.0 Hz (duration=12.1s)
Speaker SPEAKER_00 pitches: [186.0, 166.7, 197.5, 150.9, 185.0]
Speaker SPEAKER_00 median pitch: 185.0 Hz
Speaker SPEAKER_00: gender=male, pitch=185.0Hz, duration=47.7s
[ff22b05a-ebd6-42dc-8a64-78c9b3117bbd] Profiling speaker: SPEAKER_01
  Segment pitch: 222.2 Hz (duration=1.5s)
  Segment pitch: 216.2 Hz (duration=1.3s)
Speaker SPEAKER_01 pitches: [222.2, 216.2]
Speaker SPEAKER_01 median pitch: 219.2 Hz
Speaker SPEAKER_01: gender=female, pitch=219.2Hz, duration=2.7s
[ff22b05a-ebd6-42dc-8a64-78c9b3117bbd] Job updated: {'progress': 75, 'status_message': 'Profiles ready. Synthesizing English speech...'}
[ff22b05a-ebd6-42dc-8a64-78c9b3117bbd] Job updated: {'status': 'synthesizing', 'progress': 78, 'status_message': 'Generating dubbed English speech...'}
[ff22b05a-ebd6-42dc-8a64-78c9b3117bbd] Synthesizing segment 1/7: SPEAKER_00 - '? ????????? ?????? ????? ?????????? ????...'
Coqui TTS not installed. Install with: pip install TTS
Coqui TTS not installed. Install with: pip install TTS
pyttsx3 TTS: synthesized to C:\Users\Deepak John\Desktop\speechdub\media\jobs\ff22b05a-ebd6-42dc-8a64-78c9b3117bbd\tts_segments\ff22b05a-ebd6-42dc-8a64-78c9b3117bbd_tts_0000.wav
[ff22b05a-ebd6-42dc-8a64-78c9b3117bbd] Synthesizing segment 2/7: SPEAKER_00 - '???? ?????????? ????????? ???? ?????????...'
Coqui TTS not installed. Install with: pip install TTS
Coqui TTS not installed. Install with: pip install TTS
pyttsx3 TTS: synthesized to C:\Users\Deepak John\Desktop\speechdub\media\jobs\ff22b05a-ebd6-42dc-8a64-78c9b3117bbd\tts_segments\ff22b05a-ebd6-42dc-8a64-78c9b3117bbd_tts_0001.wav
[ff22b05a-ebd6-42dc-8a64-78c9b3117bbd] Synthesizing segment 3/7: SPEAKER_00 - '40. Yes. ??????? ???? ?? ?????????? 25. ...'
Coqui TTS not installed. Install with: pip install TTS
Coqui TTS not installed. Install with: pip install TTS
pyttsx3 TTS: synthesized to C:\Users\Deepak John\Desktop\speechdub\media\jobs\ff22b05a-ebd6-42dc-8a64-78c9b3117bbd\tts_segments\ff22b05a-ebd6-42dc-8a64-78c9b3117bbd_tts_0002.wav
[ff22b05a-ebd6-42dc-8a64-78c9b3117bbd] Synthesizing segment 4/7: SPEAKER_01 - '?????????!...'
Coqui TTS not installed. Install with: pip install TTS
Coqui TTS not installed. Install with: pip install TTS
pyttsx3 TTS: synthesized to C:\Users\Deepak John\Desktop\speechdub\media\jobs\ff22b05a-ebd6-42dc-8a64-78c9b3117bbd\tts_segments\ff22b05a-ebd6-42dc-8a64-78c9b3117bbd_tts_0003.wav
[ff22b05a-ebd6-42dc-8a64-78c9b3117bbd] Synthesizing segment 5/7: SPEAKER_00 - '??? ??????????????? ???????? ??????? ???...'
Coqui TTS not installed. Install with: pip install TTS
Coqui TTS not installed. Install with: pip install TTS
pyttsx3 TTS: synthesized to C:\Users\Deepak John\Desktop\speechdub\media\jobs\ff22b05a-ebd6-42dc-8a64-78c9b3117bbd\tts_segments\ff22b05a-ebd6-42dc-8a64-78c9b3117bbd_tts_0004.wav
[ff22b05a-ebd6-42dc-8a64-78c9b3117bbd] Synthesizing segment 6/7: SPEAKER_00 - 'if I don't want it, I'll remove it as we...'
Coqui TTS not installed. Install with: pip install TTS
Coqui TTS not installed. Install with: pip install TTS
pyttsx3 TTS: synthesized to C:\Users\Deepak John\Desktop\speechdub\media\jobs\ff22b05a-ebd6-42dc-8a64-78c9b3117bbd\tts_segments\ff22b05a-ebd6-42dc-8a64-78c9b3117bbd_tts_0005.wav
[ff22b05a-ebd6-42dc-8a64-78c9b3117bbd] Synthesizing segment 7/7: SPEAKER_01 - '????????? ???????? ?????? ?????......'
Coqui TTS not installed. Install with: pip install TTS
Coqui TTS not installed. Install with: pip install TTS
espeak not found
[ff22b05a-ebd6-42dc-8a64-78c9b3117bbd] Job updated: {'progress': 90, 'status_message': 'Speech synthesis done. Stitching audio...'}
[ff22b05a-ebd6-42dc-8a64-78c9b3117bbd] Stitching 7 audio segments...
Saved combined audio: C:\Users\Deepak John\Desktop\speechdub\media\jobs\ff22b05a-ebd6-42dc-8a64-78c9b3117bbd\ff22b05a-ebd6-42dc-8a64-78c9b3117bbd_dubbed.wav (66.0s)
[ff22b05a-ebd6-42dc-8a64-78c9b3117bbd] Stitching done: 6/7 valid segments, total duration: 66.0s
[ff22b05a-ebd6-42dc-8a64-78c9b3117bbd] Job updated: {'progress': 95, 'status_message': 'Audio ready. Building transcript...'}
[ff22b05a-ebd6-42dc-8a64-78c9b3117bbd] ========== PIPELINE COMPLETE ==========
[ff22b05a-ebd6-42dc-8a64-78c9b3117bbd] Speakers: 2, Segments: 7
Not Found: /favicon.ico
Watching for file changes with StatReloader
Watching for file changes with StatReloader
[15aa3fa5-3abf-4fdf-bc67-39b098f5dbf3] ========== PIPELINE START ==========
[15aa3fa5-3abf-4fdf-bc67-39b098f5dbf3] Job updated: {'status': 'preprocessing', 'progress': 5, 'status_message': 'Preprocessing audio (convert, denoise, normalize)...'}
[15aa3fa5-3abf-4fdf-bc67-39b098f5dbf3] Starting preprocessing: C:\Users\Deepak John\Desktop\speechdub\media\uploads\Psalms_150.wav
Converted C:\Users\Deepak John\Desktop\speechdub\media\uploads\Psalms_150.wav -> C:\Users\Deepak John\Desktop\speechdub\media\jobs\15aa3fa5-3abf-4fdf-bc67-39b098f5dbf3\15aa3fa5-3abf-4fdf-bc67-39b098f5dbf3_raw.wav
[15aa3fa5-3abf-4fdf-bc67-39b098f5dbf3] Duration: 48.3s
[15aa3fa5-3abf-4fdf-bc67-39b098f5dbf3] Loaded 772760 samples at 16000Hz
[15aa3fa5-3abf-4fdf-bc67-39b098f5dbf3] Noise reduction done
[15aa3fa5-3abf-4fdf-bc67-39b098f5dbf3] Normalization done
[15aa3fa5-3abf-4fdf-bc67-39b098f5dbf3] Saved processed WAV: C:\Users\Deepak John\Desktop\speechdub\media\jobs\15aa3fa5-3abf-4fdf-bc67-39b098f5dbf3\15aa3fa5-3abf-4fdf-bc67-39b098f5dbf3_processed.wav
[15aa3fa5-3abf-4fdf-bc67-39b098f5dbf3] Preprocessing done. Duration=48.3s
[15aa3fa5-3abf-4fdf-bc67-39b098f5dbf3] Job updated: {'processed_wav': 'jobs\\15aa3fa5-3abf-4fdf-bc67-39b098f5dbf3\\15aa3fa5-3abf-4fdf-bc67-39b098f5dbf3_processed.wav', 'progress': 15, 'status_message': 'Audio ready (48.3s). Running speaker diarization...'}
[15aa3fa5-3abf-4fdf-bc67-39b098f5dbf3] Job updated: {'status': 'diarizing', 'progress': 20, 'status_message': 'Detecting speakers (this may take 1-2 min)...'}
[15aa3fa5-3abf-4fdf-bc67-39b098f5dbf3] Starting diarization: C:\Users\Deepak John\Desktop\speechdub\media\jobs\15aa3fa5-3abf-4fdf-bc67-39b098f5dbf3\15aa3fa5-3abf-4fdf-bc67-39b098f5dbf3_processed.wav
Matplotlib is building the font cache; this may take a moment.
Not Found: /.well-known/appspecific/com.chrome.devtools.json
transformers not installed for IndicTrans2
transformers not installed for IndicTrans2
transformers not installed for IndicTrans2
transformers not installed for IndicTrans2
Not Found: /.well-known/appspecific/com.chrome.devtools.json
transformers not installed for IndicTrans2
C:\Users\Deepak John\Desktop\speechdub\env\Lib\site-packages\transformers\dynamic_module_utils.py changed, reloading.
Watching for file changes with StatReloader
[812dce46-26a2-45cc-a085-b8490e776439] ========== PIPELINE START ==========
[812dce46-26a2-45cc-a085-b8490e776439] Job updated: {'status': 'preprocessing', 'progress': 5, 'status_message': 'Preprocessing audio (convert, denoise, normalize)...'}
[812dce46-26a2-45cc-a085-b8490e776439] Starting preprocessing: C:\Users\Deepak John\Desktop\speechdub\media\uploads\Psalms_150_N84udc0.wav
Converted C:\Users\Deepak John\Desktop\speechdub\media\uploads\Psalms_150_N84udc0.wav -> C:\Users\Deepak John\Desktop\speechdub\media\jobs\812dce46-26a2-45cc-a085-b8490e776439\812dce46-26a2-45cc-a085-b8490e776439_raw.wav
[812dce46-26a2-45cc-a085-b8490e776439] Duration: 48.3s
[812dce46-26a2-45cc-a085-b8490e776439] Loaded 772760 samples at 16000Hz
[812dce46-26a2-45cc-a085-b8490e776439] Noise reduction done
[812dce46-26a2-45cc-a085-b8490e776439] Normalization done
[812dce46-26a2-45cc-a085-b8490e776439] Saved processed WAV: C:\Users\Deepak John\Desktop\speechdub\media\jobs\812dce46-26a2-45cc-a085-b8490e776439\812dce46-26a2-45cc-a085-b8490e776439_processed.wav
[812dce46-26a2-45cc-a085-b8490e776439] Preprocessing done. Duration=48.3s
[812dce46-26a2-45cc-a085-b8490e776439] Job updated: {'processed_wav': 'jobs\\812dce46-26a2-45cc-a085-b8490e776439\\812dce46-26a2-45cc-a085-b8490e776439_processed.wav', 'progress': 15, 'status_message': 'Audio ready (48.3s). Running speaker diarization...'}
[812dce46-26a2-45cc-a085-b8490e776439] Job updated: {'status': 'diarizing', 'progress': 20, 'status_message': 'Detecting speakers (this may take 1-2 min)...'}
[812dce46-26a2-45cc-a085-b8490e776439] Starting diarization: C:\Users\Deepak John\Desktop\speechdub\media\jobs\812dce46-26a2-45cc-a085-b8490e776439\812dce46-26a2-45cc-a085-b8490e776439_processed.wav
transformers not installed for IndicTrans2
transformers not installed for IndicTrans2
transformers not installed for IndicTrans2
transformers not installed for IndicTrans2
transformers not installed for IndicTrans2
transformers not installed for IndicTrans2
transformers not installed for IndicTrans2
transformers not installed for IndicTrans2
transformers not installed for IndicTrans2
Coqui TTS model tts_models/en/vctk/vits failed:  [!] No espeak backend found. Install espeak-ng or espeak to your system.
Coqui TTS model tts_models/en/vctk/vits failed:  [!] No espeak backend found. Install espeak-ng or espeak to your system.
Coqui TTS model tts_models/en/vctk/vits failed:  [!] No espeak backend found. Install espeak-ng or espeak to your system.
Coqui TTS model tts_models/en/vctk/vits failed:  [!] No espeak backend found. Install espeak-ng or espeak to your system.
Coqui TTS model tts_models/en/vctk/vits failed:  [!] No espeak backend found. Install espeak-ng or espeak to your system.
Coqui TTS model tts_models/en/vctk/vits failed:  [!] No espeak backend found. Install espeak-ng or espeak to your system.
Coqui TTS model tts_models/en/vctk/vits failed:  [!] No espeak backend found. Install espeak-ng or espeak to your system.
Coqui TTS model tts_models/en/vctk/vits failed:  [!] No espeak backend found. Install espeak-ng or espeak to your system.
Coqui TTS model tts_models/en/vctk/vits failed:  [!] No espeak backend found. Install espeak-ng or espeak to your system.
Not Found: /favicon.ico
Not Found: /favicon.ico
Not Found: /favicon.ico
Transcription failed: Linear(in_features=1024, out_features=1024, bias=True)
Transcription failed: cannot reshape tensor of 0 elements into shape [1, 0, 16, -1] because the unspecified dimension size -1 can be any value and is ambiguous
Transcription failed: cannot reshape tensor of 0 elements into shape [1, 0, 16, -1] because the unspecified dimension size -1 can be any value and is ambiguous
Coqui TTS model tts_models/en/vctk/vits failed:  [!] No espeak backend found. Install espeak-ng or espeak to your system.
Coqui TTS model tts_models/en/vctk/vits failed:  [!] No espeak backend found. Install espeak-ng or espeak to your system.
